Time,temp,hum,pres,alt,gas
07:07:18,24.86,54.25,1015.39,-17.783,174.40
07:07:18,24.86,54.25,1015.39,-17.783,174.40
07:07:18,24.86,54.25,1015.39,-17.783,174.40
07:07:18,24.86,54.25,1015.39,-17.783,174.40
07:07:18,25.00,54.27,1015.39,-17.793,7.22
07:07:18,25.00,54.27,1015.39,-17.793,7.22
07:07:18,25.00,54.27,1015.39,-17.793,7.22
07:07:18,25.00,54.27,1015.39,-17.793,7.22
07:07:18,25.26,54.29,1015.40,-17.870,7.21
07:07:18,25.26,54.29,1015.40,-17.870,7.21
07:07:18,25.26,54.29,1015.40,-17.870,7.21
07:07:19,25.26,54.29,1015.40,-17.870,7.21
07:07:19,25.54,54.24,1015.41,-17.962,7.82
07:07:19,25.54,54.24,1015.41,-17.962,7.82
07:07:19,25.54,54.24,1015.41,-17.962,7.82
07:07:19,25.54,54.24,1015.41,-17.962,7.82
07:07:19,25.80,54.16,1015.41,-17.999,8.58
07:07:19,25.80,54.16,1015.41,-17.999,8.58
07:07:19,25.80,54.16,1015.41,-17.999,8.58
07:07:19,25.80,54.16,1015.41,-17.999,8.58
07:07:19,26.04,54.03,1015.42,-18.067,9.46
07:07:19,26.04,54.03,1015.42,-18.067,9.46
07:07:19,26.04,54.03,1015.42,-18.067,9.46
07:07:19,26.04,54.03,1015.42,-18.067,9.46
07:07:20,26.24,53.89,1015.43,-18.119,10.25
07:07:20,26.24,53.89,1015.43,-18.119,10.25
07:07:20,26.43,53.71,1015.43,-18.167,11.16
07:07:20,26.43,53.71,1015.43,-18.167,11.16
07:07:20,26.43,53.71,1015.43,-18.167,11.16
07:07:20,26.43,53.71,1015.43,-18.167,11.16
07:07:20,26.58,53.55,1015.44,-18.186,12.53
07:07:20,26.58,53.55,1015.44,-18.186,12.53
07:07:20,26.58,53.55,1015.44,-18.186,12.53
07:07:20,26.58,53.55,1015.44,-18.186,12.53
07:07:21,26.71,53.35,1015.43,-18.132,13.49
07:07:21,26.71,53.35,1015.43,-18.132,13.49
07:07:21,26.71,53.35,1015.43,-18.132,13.49
07:07:21,26.71,53.35,1015.43,-18.132,13.49
07:07:21,26.79,53.13,1015.43,-18.149,14.26
07:07:21,26.79,53.13,1015.43,-18.149,14.26
07:07:21,26.79,53.13,1015.43,-18.149,14.26
07:07:21,26.79,53.13,1015.43,-18.149,14.26
07:07:21,26.88,52.95,1015.43,-18.172,15.24
07:07:21,26.88,52.95,1015.43,-18.172,15.24
07:07:21,26.88,52.95,1015.43,-18.172,15.24
07:07:21,26.88,52.95,1015.43,-18.172,15.24
07:07:21,26.95,52.76,1015.44,-18.191,16.14
07:07:22,26.95,52.76,1015.44,-18.191,16.14
07:07:22,26.95,52.76,1015.44,-18.191,16.14
07:07:22,26.95,52.76,1015.44,-18.191,16.14
07:07:22,27.02,52.60,1015.44,-18.248,17.03
07:07:22,27.02,52.60,1015.44,-18.248,17.03
07:07:22,27.02,52.60,1015.44,-18.248,17.03
07:07:22,27.02,52.60,1015.44,-18.248,17.03
07:07:22,27.09,52.40,1015.46,-18.347,17.99
07:07:22,27.09,52.40,1015.46,-18.347,17.99
07:07:22,27.09,52.40,1015.46,-18.347,17.99
07:07:22,27.09,52.40,1015.46,-18.347,17.99
07:07:22,27.15,52.24,1015.46,-18.369,18.89
07:07:22,27.15,52.24,1015.46,-18.369,18.89
07:07:22,27.15,52.24,1015.46,-18.369,18.89
07:07:22,27.15,52.24,1015.46,-18.369,18.89
07:07:23,27.21,52.08,1015.45,-18.274,19.85
07:07:23,27.21,52.08,1015.45,-18.274,19.85
07:07:23,27.21,52.08,1015.45,-18.274,19.85
07:07:23,27.21,52.08,1015.45,-18.274,19.85
07:07:23,27.26,51.90,1015.45,-18.261,20.85
07:07:23,27.26,51.90,1015.45,-18.261,20.85
07:07:23,27.26,51.90,1015.45,-18.261,20.85
07:07:23,27.26,51.90,1015.45,-18.261,20.85
07:07:23,27.31,51.73,1015.44,-18.244,21.67
07:07:23,27.31,51.73,1015.44,-18.244,21.67
07:07:23,27.31,51.73,1015.44,-18.244,21.67
07:07:23,27.31,51.73,1015.44,-18.244,21.67
07:07:24,27.34,51.58,1015.44,-18.217,22.59
07:07:24,27.34,51.58,1015.44,-18.217,22.59
07:07:24,27.34,51.58,1015.44,-18.217,22.59
07:07:24,27.37,51.43,1015.43,-18.165,24.54
07:07:24,27.37,51.43,1015.43,-18.165,24.54
07:07:24,27.37,51.43,1015.43,-18.165,24.54
07:07:24,27.37,51.43,1015.43,-18.165,24.54
07:07:24,27.41,51.28,1015.43,-18.116,25.52
07:07:24,27.41,51.28,1015.43,-18.116,25.52
07:07:24,27.41,51.28,1015.43,-18.116,25.52
07:07:24,27.41,51.28,1015.43,-18.116,25.52
07:07:24,27.44,51.15,1015.42,-18.041,26.51
07:07:25,27.44,51.15,1015.42,-18.041,26.51
07:07:25,27.44,51.15,1015.42,-18.041,26.51
07:07:25,27.44,51.15,1015.42,-18.041,26.51
07:07:25,27.47,51.00,1015.42,-18.045,27.61
07:07:25,27.47,51.00,1015.42,-18.045,27.61
07:07:25,27.47,51.00,1015.42,-18.045,27.61
07:07:25,27.47,51.00,1015.42,-18.045,27.61
07:07:25,27.50,50.88,1015.42,-18.025,28.50
07:07:25,27.50,50.88,1015.42,-18.025,28.50
07:07:25,27.50,50.88,1015.42,-18.025,28.50
07:07:25,27.50,50.88,1015.42,-18.025,28.50
07:07:25,27.52,50.72,1015.41,-17.954,29.48
07:07:25,27.52,50.72,1015.41,-17.954,29.48
07:07:25,27.52,50.72,1015.41,-17.954,29.48
07:07:25,27.52,50.72,1015.41,-17.954,29.48
07:07:26,27.55,50.60,1015.41,-17.956,30.52
07:07:26,27.55,50.60,1015.41,-17.956,30.52
07:07:26,27.55,50.60,1015.41,-17.956,30.52
07:07:26,27.55,50.60,1015.41,-17.956,30.52
07:07:26,27.58,50.50,1015.40,-17.894,31.64
07:07:26,27.58,50.50,1015.40,-17.894,31.64
07:07:26,27.58,50.50,1015.40,-17.894,31.64
07:07:26,27.58,50.50,1015.40,-17.894,31.64
07:07:26,27.61,50.36,1015.40,-17.881,32.51
07:07:26,27.61,50.36,1015.40,-17.881,32.51
07:07:26,27.61,50.36,1015.40,-17.881,32.51
07:07:26,27.61,50.36,1015.40,-17.881,32.51
07:07:27,27.63,50.26,1015.41,-17.930,33.68
07:07:27,27.63,50.26,1015.41,-17.930,33.68
07:07:27,27.63,50.26,1015.41,-17.930,33.68
07:07:27,27.65,50.14,1015.40,-17.908,34.44
07:07:27,27.65,50.14,1015.40,-17.908,34.44
07:07:27,27.65,50.14,1015.40,-17.908,34.44
07:07:27,27.65,50.14,1015.40,-17.908,34.44
07:07:27,27.67,50.03,1015.41,-17.930,35.56
07:07:27,27.67,50.03,1015.41,-17.930,35.56
07:07:27,27.67,50.03,1015.41,-17.930,35.56
07:07:27,27.67,50.03,1015.41,-17.930,35.56
07:07:27,27.69,49.92,1015.41,-17.962,36.47
07:07:28,27.69,49.92,1015.41,-17.962,36.47
07:07:28,27.69,49.92,1015.41,-17.962,36.47
07:07:28,27.69,49.92,1015.41,-17.962,36.47
07:07:28,27.70,49.83,1015.42,-18.026,37.47
07:07:28,27.70,49.83,1015.42,-18.026,37.47
07:07:28,27.70,49.83,1015.42,-18.026,37.47
07:07:28,27.70,49.83,1015.42,-18.026,37.47
07:07:28,27.71,49.73,1015.43,-18.093,38.55
07:07:28,27.71,49.73,1015.43,-18.093,38.55
07:07:28,27.71,49.73,1015.43,-18.093,38.55
07:07:28,27.71,49.73,1015.43,-18.093,38.55
07:07:28,27.72,49.62,1015.42,-18.030,39.38
07:07:28,27.72,49.62,1015.42,-18.030,39.38
07:07:28,27.72,49.62,1015.42,-18.030,39.38
07:07:28,27.72,49.62,1015.42,-18.030,39.38
07:07:29,27.74,49.55,1015.42,-18.067,40.54
07:07:29,27.74,49.55,1015.42,-18.067,40.54
07:07:29,27.74,49.55,1015.42,-18.067,40.54
07:07:29,27.74,49.55,1015.42,-18.067,40.54
07:07:29,27.75,49.44,1015.42,-18.068,41.34
07:07:29,27.75,49.44,1015.42,-18.068,41.34
07:07:29,27.75,49.44,1015.42,-18.068,41.34
07:07:29,27.75,49.44,1015.42,-18.068,41.34
07:07:29,27.76,49.36,1015.43,-18.119,42.30
07:07:29,27.76,49.36,1015.43,-18.119,42.30
07:07:29,27.76,49.36,1015.43,-18.119,42.30
07:07:29,27.76,49.36,1015.43,-18.119,42.30
07:07:30,27.76,49.27,1015.43,-18.127,43.17
07:07:30,27.76,49.27,1015.43,-18.127,43.17
07:07:30,27.76,49.27,1015.43,-18.127,43.17
07:07:30,27.76,49.18,1015.43,-18.142,44.13
07:07:30,27.76,49.18,1015.43,-18.142,44.13
07:07:30,27.76,49.18,1015.43,-18.142,44.13
07:07:30,27.76,49.18,1015.43,-18.142,44.13
07:07:30,27.76,49.12,1015.44,-18.176,45.08
07:07:30,27.76,49.12,1015.44,-18.176,45.08
07:07:30,27.76,49.12,1015.44,-18.176,45.08
07:07:30,27.76,49.12,1015.44,-18.176,45.08
07:07:30,27.77,49.06,1015.43,-18.150,47.86
07:07:31,27.77,49.06,1015.43,-18.150,47.86
07:07:31,27.77,49.06,1015.43,-18.150,47.86
07:07:31,27.77,49.06,1015.43,-18.150,47.86
07:07:31,27.79,48.99,1015.42,-18.080,48.98
07:07:31,27.79,48.99,1015.42,-18.080,48.98
07:07:31,27.79,48.99,1015.42,-18.080,48.98
07:07:31,27.79,48.99,1015.42,-18.080,48.98
07:07:31,27.80,48.93,1015.43,-18.114,49.90
07:07:31,27.80,48.93,1015.43,-18.114,49.90
07:07:31,27.80,48.93,1015.43,-18.114,49.90
07:07:31,27.80,48.93,1015.43,-18.114,49.90
07:07:31,27.81,48.85,1015.43,-18.093,50.94
07:07:31,27.81,48.85,1015.43,-18.093,50.94
07:07:31,27.81,48.85,1015.43,-18.093,50.94
07:07:31,27.81,48.85,1015.43,-18.093,50.94
07:07:32,27.82,48.79,1015.42,-18.068,52.06
07:07:32,27.82,48.79,1015.42,-18.068,52.06
07:07:32,27.82,48.79,1015.42,-18.068,52.06
07:07:32,27.82,48.79,1015.42,-18.068,52.06
07:07:32,27.82,48.72,1015.42,-18.073,53.04
07:07:32,27.82,48.72,1015.42,-18.073,53.04
07:07:32,27.82,48.72,1015.42,-18.073,53.04
07:07:32,27.82,48.72,1015.42,-18.073,53.04
07:07:32,27.83,48.66,1015.43,-18.113,53.88
07:07:32,27.83,48.66,1015.43,-18.113,53.88
07:07:32,27.83,48.66,1015.43,-18.113,53.88
07:07:32,27.83,48.66,1015.43,-18.113,53.88
07:07:33,27.84,48.60,1015.43,-18.113,54.75
07:07:33,27.84,48.60,1015.43,-18.113,54.75
07:07:33,27.84,48.60,1015.43,-18.113,54.75
07:07:33,27.83,48.54,1015.43,-18.141,55.73
07:07:33,27.83,48.54,1015.43,-18.141,55.73
07:07:33,27.83,48.54,1015.43,-18.141,55.73
07:07:33,27.83,48.54,1015.43,-18.141,55.73
07:07:33,27.84,48.49,1015.43,-18.148,57.18
07:07:33,27.84,48.49,1015.43,-18.148,57.18
07:07:33,27.84,48.49,1015.43,-18.148,57.18
07:07:33,27.84,48.49,1015.43,-18.148,57.18
07:07:33,27.85,48.43,1015.42,-18.085,58.01
07:07:34,27.85,48.43,1015.42,-18.085,58.01
07:07:34,27.85,48.43,1015.42,-18.085,58.01
07:07:34,27.85,48.43,1015.42,-18.085,58.01
07:07:34,27.85,48.37,1015.43,-18.100,58.86
07:07:34,27.85,48.37,1015.43,-18.100,58.86
07:07:34,27.85,48.37,1015.43,-18.100,58.86
07:07:34,27.85,48.37,1015.43,-18.100,58.86
07:07:34,27.86,48.35,1015.43,-18.151,60.16
07:07:34,27.86,48.35,1015.43,-18.151,60.16
07:07:34,27.86,48.35,1015.43,-18.151,60.16
07:07:34,27.86,48.35,1015.43,-18.151,60.16
07:07:34,27.88,48.31,1015.43,-18.157,61.12
07:07:34,27.88,48.31,1015.43,-18.157,61.12
07:07:34,27.88,48.31,1015.43,-18.157,61.12
07:07:34,27.88,48.31,1015.43,-18.157,61.12
07:07:35,27.88,48.29,1015.42,-18.087,61.72
07:07:35,27.88,48.29,1015.42,-18.087,61.72
07:07:35,27.88,48.29,1015.42,-18.087,61.72
07:07:35,27.88,48.29,1015.42,-18.087,61.72
07:07:35,27.88,48.25,1015.43,-18.150,62.78
07:07:35,27.88,48.25,1015.43,-18.150,62.78
07:07:35,27.88,48.25,1015.43,-18.150,62.78
07:07:35,27.88,48.25,1015.43,-18.150,62.78
07:07:35,27.89,48.22,1015.44,-18.197,63.69
07:07:35,27.89,48.22,1015.44,-18.197,63.69
07:07:35,27.89,48.22,1015.44,-18.197,63.69
07:07:35,27.89,48.22,1015.44,-18.197,63.69
07:07:36,27.90,48.19,1015.44,-18.247,64.63
07:07:36,27.90,48.19,1015.44,-18.247,64.63
07:07:36,27.90,48.19,1015.44,-18.247,64.63
07:07:36,27.89,48.16,1015.44,-18.254,65.54
07:07:36,27.89,48.16,1015.44,-18.254,65.54
07:07:36,27.89,48.16,1015.44,-18.254,65.54
07:07:36,27.89,48.16,1015.44,-18.254,65.54
07:07:36,27.89,48.15,1015.45,-18.318,66.39
07:07:36,27.89,48.15,1015.45,-18.318,66.39
07:07:36,27.89,48.15,1015.45,-18.318,66.39
07:07:36,27.89,48.15,1015.45,-18.318,66.39
07:07:37,27.89,48.12,1015.45,-18.303,67.20
07:07:37,27.89,48.12,1015.45,-18.303,67.20
07:07:37,27.89,48.12,1015.45,-18.303,67.20
07:07:37,27.89,48.12,1015.45,-18.303,67.20
07:07:37,27.86,48.10,1015.45,-18.286,67.87
07:07:37,27.86,48.10,1015.45,-18.286,67.87
07:07:37,27.86,48.10,1015.45,-18.286,67.87
07:07:37,27.86,48.10,1015.45,-18.286,67.87
07:07:37,27.86,48.07,1015.45,-18.259,68.83
07:07:37,27.86,48.07,1015.45,-18.259,68.83
07:07:37,27.86,48.07,1015.45,-18.259,68.83
07:07:37,27.86,48.07,1015.45,-18.259,68.83
07:07:37,27.87,48.07,1015.44,-18.215,69.82
07:07:37,27.87,48.07,1015.44,-18.215,69.82
07:07:37,27.87,48.07,1015.44,-18.215,69.82
07:07:38,27.87,48.07,1015.44,-18.215,69.82
07:07:38,27.89,48.06,1015.44,-18.230,70.83
07:07:38,27.89,48.06,1015.44,-18.230,70.83
07:07:38,27.89,48.06,1015.44,-18.230,70.83
07:07:38,27.89,48.06,1015.44,-18.230,70.83
07:07:38,27.90,48.03,1015.44,-18.225,71.58
07:07:38,27.90,48.03,1015.44,-18.225,71.58
07:07:38,27.90,48.03,1015.44,-18.225,71.58
07:07:38,27.90,48.03,1015.44,-18.225,71.58
07:07:38,27.91,48.01,1015.44,-18.254,72.65
07:07:38,27.91,48.01,1015.44,-18.254,72.65
07:07:38,27.91,48.01,1015.44,-18.254,72.65
07:07:38,27.91,48.01,1015.44,-18.254,72.65
07:07:39,27.92,48.00,1015.45,-18.264,73.50
07:07:39,27.92,48.00,1015.45,-18.264,73.50
07:07:39,27.92,48.00,1015.45,-18.264,73.50
07:07:39,27.92,48.00,1015.45,-18.264,73.50
07:07:39,27.93,47.98,1015.45,-18.271,74.37
07:07:39,27.93,47.98,1015.45,-18.271,74.37
07:07:39,27.93,47.98,1015.45,-18.271,74.37
07:07:39,27.93,47.98,1015.45,-18.271,74.37
07:07:39,27.94,47.95,1015.45,-18.272,75.33
07:07:39,27.94,47.95,1015.45,-18.272,75.33
07:07:39,27.94,47.95,1015.45,-18.272,75.33
07:07:39,27.94,47.95,1015.45,-18.272,75.33
07:07:40,27.94,47.94,1015.44,-18.190,76.18
07:07:40,27.94,47.94,1015.44,-18.190,76.18
07:07:40,27.94,47.94,1015.44,-18.190,76.18
07:07:40,27.94,47.91,1015.44,-18.236,76.78
07:07:40,27.94,47.91,1015.44,-18.236,76.78
07:07:40,27.94,47.91,1015.44,-18.236,76.78
07:07:40,27.94,47.91,1015.44,-18.236,76.78
07:07:40,27.95,47.89,1015.44,-18.223,77.93
07:07:40,27.95,47.89,1015.44,-18.223,77.93
07:07:40,27.95,47.89,1015.44,-18.223,77.93
07:07:40,27.95,47.89,1015.44,-18.223,77.93
07:07:40,27.96,47.88,1015.44,-18.191,79.13
07:07:40,27.96,47.88,1015.44,-18.191,79.13
07:07:41,27.96,47.88,1015.44,-18.191,79.13
07:07:41,27.96,47.88,1015.44,-18.191,79.13
07:07:41,27.97,47.86,1015.44,-18.244,79.77
07:07:41,27.97,47.86,1015.44,-18.244,79.77
07:07:41,27.97,47.86,1015.44,-18.244,79.77
07:07:41,27.97,47.86,1015.44,-18.244,79.77
07:07:41,27.98,47.82,1015.44,-18.247,80.65
07:07:41,27.98,47.82,1015.44,-18.247,80.65
07:07:41,27.98,47.82,1015.44,-18.247,80.65
07:07:41,27.98,47.82,1015.44,-18.247,80.65
07:07:41,27.98,47.80,1015.45,-18.283,81.55
07:07:41,27.98,47.80,1015.45,-18.283,81.55
07:07:41,27.98,47.80,1015.45,-18.283,81.55
07:07:41,27.98,47.80,1015.45,-18.283,81.55
07:07:42,27.99,47.79,1015.45,-18.275,82.39
07:07:42,27.99,47.79,1015.45,-18.275,82.39
07:07:42,27.99,47.79,1015.45,-18.275,82.39
07:07:42,27.99,47.79,1015.45,-18.275,82.39
07:07:42,28.00,47.76,1015.44,-18.231,83.10
07:07:42,28.00,47.76,1015.44,-18.231,83.10
07:07:42,28.00,47.76,1015.44,-18.231,83.10
07:07:42,28.00,47.76,1015.44,-18.231,83.10
07:07:42,28.00,47.75,1015.44,-18.225,83.73
07:07:42,28.00,47.75,1015.44,-18.225,83.73
07:07:42,28.00,47.75,1015.44,-18.225,83.73
07:07:42,28.00,47.75,1015.44,-18.225,83.73
07:07:43,28.00,47.71,1015.44,-18.195,84.70
07:07:43,28.00,47.71,1015.44,-18.195,84.70
07:07:43,28.00,47.71,1015.44,-18.195,84.70
07:07:43,28.00,47.69,1015.44,-18.189,85.52
07:07:43,28.00,47.69,1015.44,-18.189,85.52
07:07:43,28.00,47.69,1015.44,-18.189,85.52
07:07:43,28.00,47.69,1015.44,-18.189,85.52
07:07:43,28.01,47.67,1015.43,-18.161,86.45
07:07:43,28.01,47.67,1015.43,-18.161,86.45
07:07:43,28.01,47.67,1015.43,-18.161,86.45
07:07:43,28.01,47.67,1015.43,-18.161,86.45
07:07:43,28.02,47.63,1015.43,-18.131,87.40
07:07:43,28.02,47.63,1015.43,-18.131,87.40
07:07:44,28.02,47.63,1015.43,-18.131,87.40
07:07:44,28.02,47.63,1015.43,-18.131,87.40
07:07:44,28.02,47.63,1015.43,-18.112,88.01
07:07:44,28.02,47.63,1015.43,-18.112,88.01
07:07:44,28.02,47.63,1015.43,-18.112,88.01
07:07:44,28.02,47.63,1015.43,-18.112,88.01
07:07:44,28.03,47.57,1015.42,-18.076,89.08
07:07:44,28.03,47.57,1015.42,-18.076,89.08
07:07:44,28.03,47.57,1015.42,-18.076,89.08
07:07:44,28.03,47.57,1015.42,-18.076,89.08
07:07:44,28.03,47.54,1015.42,-18.055,89.81
07:07:44,28.03,47.54,1015.42,-18.055,89.81
07:07:44,28.03,47.54,1015.42,-18.055,89.81
07:07:44,28.03,47.54,1015.42,-18.055,89.81
07:07:45,28.04,47.53,1015.42,-18.027,90.93
07:07:45,28.04,47.53,1015.42,-18.027,90.93
07:07:45,28.04,47.53,1015.42,-18.027,90.93
07:07:45,28.04,47.53,1015.42,-18.027,90.93
07:07:45,28.05,47.49,1015.42,-18.026,91.78
07:07:45,28.05,47.49,1015.42,-18.026,91.78
07:07:45,28.05,47.49,1015.42,-18.026,91.78
07:07:45,28.05,47.49,1015.42,-18.026,91.78
07:07:45,28.05,47.48,1015.42,-18.058,92.75
07:07:45,28.05,47.48,1015.42,-18.058,92.75
07:07:45,28.05,47.48,1015.42,-18.058,92.75
07:07:45,28.05,47.48,1015.42,-18.058,92.75
07:07:46,28.05,47.44,1015.42,-18.049,93.34
07:07:46,28.05,47.44,1015.42,-18.049,93.34
07:07:46,28.05,47.44,1015.42,-18.049,93.34
07:07:46,28.05,47.41,1015.43,-18.119,95.81
07:07:46,28.05,47.41,1015.43,-18.119,95.81
07:07:46,28.05,47.41,1015.43,-18.119,95.81
07:07:46,28.05,47.41,1015.43,-18.119,95.81
07:07:46,28.05,47.38,1015.42,-18.047,96.87
07:07:46,28.05,47.38,1015.42,-18.047,96.87
07:07:46,28.05,47.38,1015.42,-18.047,96.87
07:07:46,28.05,47.38,1015.42,-18.047,96.87
07:07:46,28.05,47.35,1015.42,-18.027,97.95
07:07:46,28.05,47.35,1015.42,-18.027,97.95
07:07:47,28.05,47.35,1015.42,-18.027,97.95
07:07:47,28.05,47.35,1015.42,-18.027,97.95
07:07:47,28.05,47.33,1015.41,-17.979,98.83
07:07:47,28.05,47.33,1015.41,-17.979,98.83
07:07:47,28.05,47.33,1015.41,-17.979,98.83
07:07:47,28.05,47.33,1015.41,-17.979,98.83
07:07:47,28.05,47.30,1015.41,-17.984,99.50
07:07:47,28.05,47.30,1015.41,-17.984,99.50
07:07:47,28.05,47.30,1015.41,-17.984,99.50
07:07:47,28.05,47.30,1015.41,-17.984,99.50
07:07:47,28.05,47.29,1015.41,-18.007,100.18
07:07:47,28.05,47.29,1015.41,-18.007,100.18
07:07:47,28.05,47.29,1015.41,-18.007,100.18
07:07:47,28.05,47.29,1015.41,-18.007,100.18
07:07:48,28.04,47.25,1015.41,-18.003,100.99
07:07:48,28.04,47.25,1015.41,-18.003,100.99
07:07:48,28.04,47.25,1015.41,-18.003,100.99
07:07:48,28.04,47.25,1015.41,-18.003,100.99
07:07:48,28.05,47.24,1015.41,-17.948,101.69
07:07:48,28.05,47.24,1015.41,-17.948,101.69
07:07:48,28.05,47.24,1015.41,-17.948,101.69
07:07:48,28.05,47.24,1015.41,-17.948,101.69
07:07:48,28.05,47.21,1015.40,-17.876,102.46
07:07:48,28.05,47.21,1015.40,-17.876,102.46
07:07:48,28.05,47.21,1015.40,-17.876,102.46
07:07:48,28.05,47.21,1015.40,-17.876,102.46
07:07:49,28.04,47.20,1015.41,-17.940,103.43
07:07:49,28.04,47.20,1015.41,-17.940,103.43
07:07:49,28.04,47.20,1015.41,-17.940,103.43
07:07:49,28.03,47.17,1015.40,-17.897,103.98
07:07:49,28.03,47.17,1015.40,-17.897,103.98
07:07:49,28.03,47.17,1015.40,-17.897,103.98
07:07:49,28.03,47.17,1015.40,-17.897,103.98
07:07:49,28.03,47.15,1015.40,-17.884,104.79
07:07:49,28.03,47.15,1015.40,-17.884,104.79
07:07:49,28.03,47.15,1015.40,-17.884,104.79
07:07:49,28.03,47.15,1015.40,-17.884,104.79
07:07:49,28.04,47.13,1015.41,-17.940,105.67
07:07:49,28.04,47.13,1015.41,-17.940,105.67
07:07:50,28.04,47.13,1015.41,-17.940,105.67
07:07:50,28.04,47.13,1015.41,-17.940,105.67
07:07:50,28.05,47.11,1015.41,-17.928,106.96
07:07:50,28.05,47.11,1015.41,-17.928,106.96
07:07:50,28.05,47.11,1015.41,-17.928,106.96
07:07:50,28.05,47.11,1015.41,-17.928,106.96
07:07:50,28.06,47.10,1015.40,-17.884,107.81
07:07:50,28.06,47.10,1015.40,-17.884,107.81
07:07:50,28.06,47.10,1015.40,-17.884,107.81
07:07:50,28.06,47.10,1015.40,-17.884,107.81
07:07:50,28.07,47.09,1015.39,-17.840,108.48
07:07:50,28.07,47.09,1015.39,-17.840,108.48
07:07:50,28.07,47.09,1015.39,-17.840,108.48
07:07:50,28.07,47.09,1015.39,-17.840,108.48
07:07:51,28.08,47.08,1015.39,-17.837,109.56
07:07:51,28.08,47.08,1015.39,-17.837,109.56
07:07:51,28.08,47.08,1015.39,-17.837,109.56
07:07:51,28.08,47.08,1015.39,-17.837,109.56
07:07:51,28.08,47.05,1015.39,-17.798,109.77
07:07:51,28.08,47.05,1015.39,-17.798,109.77
07:07:51,28.08,47.05,1015.39,-17.798,109.77
07:07:51,28.08,47.05,1015.39,-17.798,109.77
07:07:51,28.08,47.03,1015.39,-17.805,110.87
07:07:51,28.08,47.03,1015.39,-17.805,110.87
07:07:51,28.08,47.03,1015.39,-17.805,110.87
07:07:51,28.08,47.03,1015.39,-17.805,110.87
07:07:52,28.07,47.02,1015.39,-17.829,111.72
07:07:52,28.07,47.02,1015.39,-17.829,111.72
07:07:52,28.07,47.02,1015.39,-17.829,111.72
07:07:52,28.06,46.99,1015.39,-17.805,111.44
07:07:52,28.06,46.99,1015.39,-17.805,111.44
07:07:52,28.06,46.99,1015.39,-17.805,111.44
07:07:52,28.06,46.99,1015.39,-17.805,111.44
07:07:52,28.05,46.99,1015.39,-17.820,112.08
07:07:52,28.05,46.99,1015.39,-17.820,112.08
07:07:52,28.05,46.99,1015.39,-17.820,112.08
07:07:52,28.05,46.99,1015.39,-17.820,112.08
07:07:52,28.04,46.97,1015.39,-17.826,112.80
07:07:53,28.04,46.97,1015.39,-17.826,112.80
07:07:53,28.04,46.97,1015.39,-17.826,112.80
07:07:53,28.04,46.97,1015.39,-17.826,112.80
07:07:53,28.01,46.95,1015.40,-17.875,112.94
07:07:53,28.01,46.95,1015.40,-17.875,112.94
07:07:53,28.01,46.95,1015.40,-17.875,112.94
07:07:53,28.01,46.95,1015.40,-17.875,112.94
07:07:53,28.01,46.94,1015.40,-17.917,113.82
07:07:53,28.01,46.94,1015.40,-17.917,113.82
07:07:53,28.01,46.94,1015.40,-17.917,113.82
07:07:53,28.01,46.94,1015.40,-17.917,113.82
07:07:53,28.01,46.93,1015.40,-17.922,115.01
07:07:53,28.01,46.93,1015.40,-17.922,115.01
07:07:53,28.01,46.93,1015.40,-17.922,115.01
07:07:53,28.01,46.93,1015.40,-17.922,115.01
07:07:54,28.02,46.92,1015.41,-17.947,115.92
07:07:54,28.02,46.92,1015.41,-17.947,115.92
07:07:54,28.02,46.92,1015.41,-17.947,115.92
07:07:54,28.02,46.92,1015.41,-17.947,115.92
07:07:54,28.03,46.91,1015.41,-17.966,117.00
07:07:54,28.03,46.91,1015.41,-17.966,117.00
07:07:54,28.03,46.91,1015.41,-17.966,117.00
07:07:54,28.03,46.91,1015.41,-17.966,117.00
07:07:54,28.03,46.91,1015.41,-17.952,117.48
07:07:54,28.03,46.91,1015.41,-17.952,117.48
07:07:54,28.03,46.91,1015.41,-17.952,117.48
07:07:54,28.03,46.91,1015.41,-17.952,117.48
07:07:55,28.04,46.89,1015.41,-17.946,118.11
07:07:55,28.04,46.89,1015.41,-17.946,118.11
07:07:55,28.04,46.89,1015.41,-17.946,118.11
07:07:55,28.04,46.89,1015.41,-17.946,118.11
07:07:55,28.02,46.88,1015.41,-17.944,118.19
07:07:55,28.02,46.88,1015.41,-17.944,118.19
07:07:55,28.02,46.88,1015.41,-17.944,118.19
07:07:55,28.02,46.88,1015.41,-17.944,118.19
07:07:55,28.02,46.87,1015.41,-17.961,119.15
07:07:55,28.02,46.87,1015.41,-17.961,119.15
07:07:55,28.02,46.87,1015.41,-17.961,119.15
07:07:55,28.02,46.87,1015.41,-17.961,119.15
07:07:56,28.02,46.86,1015.40,-17.925,119.55
07:07:56,28.02,46.86,1015.40,-17.925,119.55
07:07:56,28.02,46.86,1015.40,-17.925,119.55
07:07:56,28.01,46.86,1015.41,-18.005,120.13
07:07:56,28.01,46.86,1015.41,-18.005,120.13
07:07:56,28.01,46.86,1015.41,-18.005,120.13
07:07:56,28.01,46.86,1015.41,-18.005,120.13
07:07:56,28.01,46.84,1015.42,-18.024,120.79
07:07:56,28.01,46.84,1015.42,-18.024,120.79
07:07:56,28.01,46.84,1015.42,-18.024,120.79
07:07:56,28.01,46.84,1015.42,-18.024,120.79
07:07:56,28.01,46.84,1015.42,-18.032,121.62
07:07:57,28.01,46.84,1015.42,-18.032,121.62
07:07:57,28.01,46.84,1015.42,-18.032,121.62
07:07:57,28.01,46.84,1015.42,-18.032,121.62
07:07:57,28.02,46.83,1015.42,-18.025,122.22
07:07:57,28.02,46.83,1015.42,-18.025,122.22
07:07:57,28.02,46.83,1015.42,-18.025,122.22
07:07:57,28.02,46.83,1015.42,-18.025,122.22
07:07:57,28.03,46.85,1015.42,-18.075,123.16
07:07:57,28.03,46.85,1015.42,-18.075,123.16
07:07:57,28.03,46.85,1015.42,-18.075,123.16
07:07:57,28.03,46.85,1015.42,-18.075,123.16
07:07:57,28.04,46.82,1015.42,-18.091,124.20
07:07:57,28.04,46.82,1015.42,-18.091,124.20
07:07:57,28.04,46.82,1015.42,-18.091,124.20
07:07:57,28.04,46.82,1015.42,-18.091,124.20
07:07:58,28.04,46.83,1015.43,-18.133,124.29
07:07:58,28.04,46.83,1015.43,-18.133,124.29
07:07:58,28.04,46.83,1015.43,-18.133,124.29
07:07:58,28.04,46.83,1015.43,-18.133,124.29
07:07:58,28.05,46.81,1015.43,-18.106,125.36
07:07:58,28.05,46.81,1015.43,-18.106,125.36
07:07:58,28.05,46.81,1015.43,-18.106,125.36
07:07:58,28.05,46.81,1015.43,-18.106,125.36
07:07:58,28.06,46.81,1015.42,-18.028,126.35
07:07:58,28.06,46.81,1015.42,-18.028,126.35
07:07:58,28.06,46.81,1015.42,-18.028,126.35
07:07:58,28.06,46.81,1015.42,-18.028,126.35
07:07:59,28.06,46.81,1015.42,-18.020,126.62
07:07:59,28.06,46.81,1015.42,-18.020,126.62
07:07:59,28.06,46.81,1015.42,-18.020,126.62
07:07:59,28.05,46.80,1015.41,-18.001,126.71
07:07:59,28.05,46.80,1015.41,-18.001,126.71
07:07:59,28.05,46.80,1015.41,-18.001,126.71
07:07:59,28.05,46.80,1015.41,-18.001,126.71
07:07:59,28.04,46.78,1015.41,-18.000,127.73
07:07:59,28.04,46.78,1015.41,-18.000,127.73
07:07:59,28.04,46.78,1015.41,-18.000,127.73
07:07:59,28.04,46.78,1015.41,-18.000,127.73
07:08:00,28.04,46.77,1015.41,-17.992,128.38
07:08:00,28.04,46.77,1015.41,-17.992,128.38
07:08:00,28.04,46.77,1015.41,-17.992,128.38
07:08:00,28.04,46.76,1015.41,-18.005,128.57
07:08:00,28.04,46.76,1015.41,-18.005,128.57
07:08:00,28.04,46.76,1015.41,-18.005,128.57
07:08:00,28.04,46.76,1015.41,-18.005,128.57
07:08:00,28.05,46.76,1015.42,-18.022,129.71
07:08:00,28.05,46.76,1015.42,-18.022,129.71
07:08:00,28.05,46.76,1015.42,-18.022,129.71
07:08:00,28.05,46.76,1015.42,-18.022,129.71
07:08:00,28.06,46.76,1015.42,-18.087,130.09
07:08:00,28.06,46.76,1015.42,-18.087,130.09
07:08:00,28.06,46.76,1015.42,-18.087,130.09
07:08:01,28.06,46.76,1015.42,-18.087,130.09
07:08:01,28.07,46.74,1015.42,-18.036,131.26
07:08:01,28.07,46.74,1015.42,-18.036,131.26
07:08:01,28.07,46.74,1015.42,-18.036,131.26
07:08:01,28.07,46.74,1015.42,-18.036,131.26
07:08:01,28.07,46.74,1015.42,-18.058,131.46
07:08:01,28.07,46.74,1015.42,-18.058,131.46
07:08:01,28.07,46.74,1015.42,-18.058,131.46
07:08:01,28.07,46.74,1015.42,-18.058,131.46
07:08:01,28.08,46.73,1015.41,-17.987,131.95
07:08:01,28.08,46.73,1015.41,-17.987,131.95
07:08:01,28.08,46.73,1015.41,-17.987,131.95
07:08:01,28.08,46.73,1015.41,-17.987,131.95
07:08:02,28.08,46.73,1015.41,-17.999,132.65
07:08:02,28.08,46.73,1015.41,-17.999,132.65
07:08:02,28.08,46.73,1015.41,-17.999,132.65
07:08:02,28.08,46.73,1015.41,-17.999,132.65
07:08:02,28.09,46.72,1015.41,-17.979,133.45
07:08:02,28.09,46.72,1015.41,-17.979,133.45
07:08:02,28.09,46.72,1015.41,-17.979,133.45
07:08:02,28.09,46.72,1015.41,-17.979,133.45
07:08:02,28.09,46.71,1015.41,-17.972,134.58
07:08:02,28.09,46.71,1015.41,-17.972,134.58
07:08:02,28.09,46.71,1015.41,-17.972,134.58
07:08:02,28.09,46.71,1015.41,-17.972,134.58
07:08:03,28.09,46.70,1015.40,-17.916,134.58
07:08:03,28.09,46.70,1015.40,-17.916,134.58
07:08:03,28.09,46.70,1015.40,-17.916,134.58
07:08:03,28.09,46.69,1015.40,-17.886,135.62
07:08:03,28.09,46.69,1015.40,-17.886,135.62
07:08:03,28.09,46.69,1015.40,-17.886,135.62
07:08:03,28.09,46.69,1015.40,-17.886,135.62
07:08:03,28.09,46.68,1015.40,-17.921,135.72
07:08:03,28.09,46.68,1015.40,-17.921,135.72
07:08:03,28.09,46.68,1015.40,-17.921,135.72
07:08:03,28.09,46.68,1015.40,-17.921,135.72
07:08:03,28.09,46.69,1015.40,-17.921,136.57
07:08:03,28.09,46.69,1015.40,-17.921,136.57
07:08:03,28.09,46.69,1015.40,-17.921,136.57
07:08:04,28.09,46.69,1015.40,-17.921,136.57
07:08:04,28.10,46.68,1015.40,-17.879,137.21
07:08:04,28.10,46.68,1015.40,-17.879,137.21
07:08:04,28.10,46.68,1015.40,-17.879,137.21
07:08:04,28.10,46.68,1015.40,-17.879,137.21
07:08:04,28.11,46.68,1015.40,-17.902,137.64
07:08:04,28.11,46.68,1015.40,-17.902,137.64
07:08:04,28.11,46.68,1015.40,-17.902,137.64
07:08:04,28.11,46.68,1015.40,-17.902,137.64
07:08:04,28.11,46.66,1015.40,-17.872,138.29
07:08:04,28.11,46.66,1015.40,-17.872,138.29
07:08:04,28.11,46.66,1015.40,-17.872,138.29
07:08:04,28.11,46.66,1015.40,-17.872,138.29
07:08:05,28.11,46.66,1015.40,-17.875,138.83
07:08:05,28.11,46.66,1015.40,-17.875,138.83
07:08:05,28.11,46.66,1015.40,-17.875,138.83
07:08:05,28.11,46.66,1015.40,-17.875,138.83
07:08:05,28.11,46.65,1015.41,-17.930,139.50
07:08:05,28.11,46.65,1015.41,-17.930,139.50
07:08:05,28.11,46.65,1015.41,-17.930,139.50
07:08:05,28.11,46.65,1015.41,-17.930,139.50
07:08:05,28.11,46.66,1015.40,-17.893,139.61
07:08:05,28.11,46.66,1015.40,-17.893,139.61
07:08:05,28.11,46.66,1015.40,-17.893,139.61
07:08:05,28.11,46.66,1015.40,-17.893,139.61
07:08:06,28.11,46.65,1015.41,-17.940,140.16
07:08:06,28.11,46.65,1015.41,-17.940,140.16
07:08:06,28.11,46.64,1015.41,-17.997,140.95
07:08:06,28.12,46.64,1015.41,-17.997,140.95
07:08:06,28.12,46.64,1015.41,-17.997,140.95
07:08:06,28.12,46.64,1015.41,-17.997,140.95
07:08:06,28.12,46.65,1015.42,-18.024,141.29
07:08:06,28.12,46.65,1015.42,-18.024,141.29
07:08:06,28.12,46.65,1015.42,-18.024,141.29
07:08:06,28.12,46.65,1015.42,-18.024,141.29
07:08:06,28.11,46.64,1015.41,-17.975,141.98
07:08:06,28.11,46.64,1015.41,-17.975,141.98
07:08:07,28.11,46.64,1015.41,-17.975,141.98
07:08:07,28.11,46.64,1015.41,-17.975,141.98
07:08:07,28.11,46.63,1015.41,-17.975,142.21
07:08:07,28.11,46.63,1015.41,-17.975,142.21
07:08:07,28.11,46.63,1015.41,-17.975,142.21
07:08:07,28.11,46.63,1015.41,-17.975,142.21
07:08:07,28.11,46.64,1015.41,-18.003,142.78
07:08:07,28.11,46.64,1015.41,-18.003,142.78
07:08:07,28.11,46.64,1015.41,-18.003,142.78
07:08:07,28.11,46.64,1015.41,-18.003,142.78
07:08:07,28.11,46.63,1015.41,-17.983,143.25
07:08:07,28.11,46.63,1015.41,-17.983,143.25
07:08:07,28.11,46.63,1015.41,-17.983,143.25
07:08:07,28.11,46.63,1015.41,-17.983,143.25
07:08:08,28.11,46.62,1015.41,-17.980,143.13
07:08:08,28.11,46.62,1015.41,-17.980,143.13
07:08:08,28.11,46.62,1015.41,-17.980,143.13
07:08:08,28.11,46.62,1015.41,-17.980,143.13
07:08:08,28.11,46.63,1015.42,-18.069,144.19
07:08:08,28.11,46.63,1015.42,-18.069,144.19
07:08:08,28.11,46.63,1015.42,-18.069,144.19
07:08:08,28.11,46.63,1015.42,-18.069,144.19
07:08:08,28.11,46.62,1015.42,-18.080,144.79
07:08:08,28.11,46.62,1015.42,-18.080,144.79
07:08:08,28.11,46.62,1015.42,-18.080,144.79
07:08:08,28.11,46.62,1015.42,-18.080,144.79
07:08:09,28.11,46.63,1015.42,-18.066,145.75
07:08:09,28.11,46.63,1015.42,-18.066,145.75
07:08:09,28.12,46.63,1015.43,-18.153,145.87
07:08:09,28.12,46.63,1015.43,-18.153,145.87
07:08:09,28.12,46.63,1015.43,-18.153,145.87
07:08:09,28.12,46.63,1015.43,-18.153,145.87
07:08:09,28.12,46.63,1015.43,-18.132,145.99
07:08:09,28.12,46.63,1015.43,-18.132,145.99
07:08:09,28.12,46.63,1015.43,-18.132,145.99
07:08:09,28.12,46.63,1015.43,-18.132,145.99
07:08:09,28.11,46.62,1015.43,-18.116,146.48
07:08:09,28.11,46.62,1015.43,-18.116,146.48
07:08:10,28.11,46.62,1015.43,-18.116,146.48
07:08:10,28.11,46.62,1015.43,-18.116,146.48
07:08:10,28.11,46.61,1015.43,-18.119,146.72
07:08:10,28.11,46.61,1015.43,-18.119,146.72
07:08:10,28.11,46.61,1015.43,-18.119,146.72
07:08:10,28.11,46.61,1015.43,-18.119,146.72
07:08:10,28.11,46.62,1015.43,-18.131,147.71
07:08:10,28.11,46.62,1015.43,-18.131,147.71
07:08:10,28.11,46.62,1015.43,-18.131,147.71
07:08:10,28.11,46.62,1015.43,-18.131,147.71
07:08:10,28.12,46.63,1015.42,-18.069,148.46
07:08:10,28.12,46.63,1015.42,-18.069,148.46
07:08:10,28.12,46.63,1015.42,-18.069,148.46
07:08:10,28.12,46.63,1015.42,-18.069,148.46
07:08:11,28.12,46.62,1015.42,-18.081,148.96
07:08:11,28.12,46.62,1015.42,-18.081,148.96
07:08:11,28.12,46.62,1015.42,-18.081,148.96
07:08:11,28.12,46.62,1015.42,-18.081,148.96
07:08:11,28.12,46.62,1015.42,-18.025,148.71
07:08:11,28.12,46.62,1015.42,-18.025,148.71
07:08:11,28.12,46.62,1015.42,-18.025,148.71
07:08:11,28.12,46.62,1015.42,-18.025,148.71
07:08:11,28.13,46.63,1015.41,-17.969,149.72
07:08:11,28.13,46.63,1015.41,-17.969,149.72
07:08:11,28.13,46.63,1015.41,-17.969,149.72
07:08:11,28.13,46.63,1015.41,-17.969,149.72
07:08:12,28.13,46.63,1015.41,-17.977,149.72
07:08:12,28.13,46.63,1015.41,-17.977,149.72
07:08:12,28.13,46.63,1015.41,-17.977,149.72
07:08:12,28.12,46.61,1015.39,-17.817,150.62
07:08:12,28.12,46.61,1015.39,-17.817,150.62
07:08:12,28.12,46.61,1015.39,-17.817,150.62
07:08:12,28.12,46.61,1015.39,-17.817,150.62
07:08:12,28.12,46.61,1015.39,-17.803,150.75
07:08:12,28.12,46.61,1015.39,-17.803,150.75
07:08:12,28.12,46.61,1015.39,-17.803,150.75
07:08:12,28.12,46.61,1015.39,-17.803,150.75
07:08:12,28.13,46.61,1015.37,-17.675,151.27
07:08:13,28.13,46.61,1015.37,-17.675,151.27
07:08:13,28.13,46.61,1015.37,-17.675,151.27
07:08:13,28.13,46.61,1015.37,-17.675,151.27
07:08:13,28.10,46.62,1015.37,-17.612,150.62
07:08:13,28.10,46.62,1015.37,-17.612,150.62
07:08:13,28.10,46.62,1015.37,-17.612,150.62
07:08:13,28.10,46.62,1015.37,-17.612,150.62
07:08:13,28.09,46.60,1015.36,-17.585,151.14
07:08:13,28.09,46.60,1015.36,-17.585,151.14
07:08:13,28.09,46.60,1015.36,-17.585,151.14
07:08:13,28.09,46.60,1015.36,-17.585,151.14
07:08:13,28.09,46.60,1015.36,-17.575,152.06
07:08:13,28.09,46.60,1015.36,-17.575,152.06
07:08:13,28.09,46.60,1015.36,-17.575,152.06
07:08:14,28.09,46.60,1015.36,-17.575,152.06
07:08:14,28.09,46.63,1015.36,-17.534,152.45
07:08:14,28.09,46.63,1015.36,-17.534,152.45
07:08:14,28.09,46.63,1015.36,-17.534,152.45
07:08:14,28.09,46.63,1015.36,-17.534,152.45
07:08:14,28.09,46.61,1015.36,-17.533,152.72
07:08:14,28.09,46.61,1015.36,-17.533,152.72
07:08:14,28.09,46.61,1015.36,-17.533,152.72
07:08:14,28.09,46.61,1015.36,-17.533,152.72
07:08:14,28.09,46.61,1015.36,-17.542,153.38
07:08:14,28.09,46.61,1015.36,-17.542,153.38
07:08:14,28.09,46.61,1015.36,-17.542,153.38
07:08:14,28.09,46.61,1015.36,-17.542,153.38
07:08:15,28.09,46.61,1015.36,-17.549,153.65
07:08:15,28.09,46.61,1015.36,-17.549,153.65
07:08:15,28.09,46.61,1015.36,-17.549,153.65
07:08:15,28.09,46.61,1015.36,-17.549,153.65
07:08:15,28.10,46.62,1015.37,-17.607,154.74
07:08:15,28.10,46.62,1015.37,-17.607,154.74
07:08:15,28.10,46.62,1015.37,-17.607,154.74
07:08:15,28.10,46.62,1015.37,-17.607,154.74
07:08:15,28.11,46.62,1015.37,-17.629,154.87
07:08:15,28.11,46.62,1015.37,-17.629,154.87
07:08:15,28.11,46.62,1015.37,-17.629,154.87
07:08:15,28.11,46.62,1015.37,-17.629,154.87
07:08:16,28.11,46.61,1015.37,-17.635,155.28
07:08:16,28.11,46.61,1015.37,-17.635,155.28
07:08:16,28.11,46.61,1015.37,-17.635,155.28
07:08:16,28.11,46.62,1015.38,-17.679,155.28
07:08:16,28.11,46.62,1015.38,-17.679,155.28
07:08:16,28.11,46.62,1015.38,-17.679,155.28
07:08:16,28.11,46.62,1015.38,-17.679,155.28
07:08:16,28.12,46.63,1015.38,-17.700,155.42
07:08:16,28.12,46.63,1015.38,-17.700,155.42
07:08:16,28.12,46.63,1015.38,-17.700,155.42
07:08:16,28.12,46.63,1015.38,-17.700,155.42
07:08:16,28.12,46.62,1015.39,-17.786,156.11
07:08:16,28.12,46.62,1015.39,-17.786,156.11
07:08:17,28.12,46.62,1015.39,-17.786,156.11
07:08:17,28.12,46.62,1015.39,-17.786,156.11
07:08:17,28.13,46.63,1015.39,-17.803,156.11
07:08:17,28.13,46.63,1015.39,-17.803,156.11
07:08:17,28.13,46.63,1015.39,-17.803,156.11
07:08:17,28.13,46.63,1015.39,-17.803,156.11
07:08:17,28.13,46.63,1015.39,-17.798,156.53
07:08:17,28.13,46.63,1015.39,-17.798,156.53
07:08:17,28.13,46.63,1015.39,-17.798,156.53
07:08:17,28.13,46.63,1015.39,-17.798,156.53
07:08:17,28.14,46.64,1015.39,-17.795,157.51
07:08:17,28.14,46.64,1015.39,-17.795,157.51
07:08:17,28.14,46.64,1015.39,-17.795,157.51
07:08:17,28.14,46.64,1015.39,-17.795,157.51
07:08:18,28.14,46.63,1015.39,-17.818,157.65
07:08:18,28.14,46.63,1015.39,-17.818,157.65
07:08:18,28.14,46.63,1015.39,-17.818,157.65
07:08:18,28.14,46.63,1015.39,-17.818,157.65
07:08:18,28.14,46.63,1015.39,-17.797,158.22
07:08:18,28.14,46.63,1015.39,-17.797,158.22
07:08:18,28.14,46.63,1015.39,-17.797,158.22
07:08:18,28.14,46.63,1015.39,-17.797,158.22
07:08:18,28.14,46.63,1015.39,-17.833,159.08
07:08:18,28.14,46.63,1015.39,-17.833,159.08
07:08:18,28.14,46.63,1015.39,-17.833,159.08
07:08:18,28.14,46.63,1015.39,-17.833,159.08
07:08:19,28.15,46.62,1015.39,-17.802,158.65
07:08:19,28.15,46.62,1015.39,-17.802,158.65
07:08:19,28.15,46.62,1015.39,-17.802,158.65
07:08:19,28.14,46.62,1015.39,-17.833,159.66
07:08:19,28.14,46.62,1015.39,-17.833,159.66
07:08:19,28.14,46.62,1015.39,-17.833,159.66
07:08:19,28.14,46.62,1015.39,-17.833,159.66
07:08:19,28.15,46.62,1015.39,-17.775,160.39
07:08:19,28.15,46.62,1015.39,-17.775,160.39
07:08:19,28.15,46.62,1015.39,-17.775,160.39
07:08:19,28.15,46.62,1015.39,-17.775,160.39
07:08:19,28.15,46.62,1015.39,-17.804,161.27
07:08:19,28.15,46.62,1015.39,-17.804,161.27
07:08:20,28.15,46.62,1015.39,-17.804,161.27
07:08:20,28.15,46.62,1015.39,-17.804,161.27
07:08:20,28.13,46.59,1015.39,-17.815,159.95
07:08:20,28.13,46.59,1015.39,-17.815,159.95
07:08:20,28.13,46.59,1015.39,-17.815,159.95
07:08:20,28.13,46.59,1015.39,-17.815,159.95
07:08:20,28.11,46.61,1015.39,-17.794,161.12
07:08:20,28.11,46.61,1015.39,-17.794,161.12
07:08:20,28.11,46.61,1015.39,-17.794,161.12
07:08:20,28.11,46.61,1015.39,-17.794,161.12
07:08:20,28.11,46.62,1015.38,-17.757,160.68
07:08:20,28.11,46.62,1015.38,-17.757,160.68
07:08:20,28.11,46.62,1015.38,-17.757,160.68
07:08:20,28.11,46.62,1015.38,-17.757,160.68
07:08:21,28.11,46.61,1015.39,-17.774,161.27
07:08:21,28.11,46.61,1015.39,-17.774,161.27
07:08:21,28.11,46.61,1015.39,-17.774,161.27
07:08:21,28.11,46.61,1015.39,-17.774,161.27
07:08:21,28.11,46.62,1015.39,-17.800,162.92
07:08:21,28.11,46.62,1015.39,-17.800,162.92
07:08:21,28.11,46.62,1015.39,-17.800,162.92
07:08:21,28.11,46.62,1015.39,-17.800,162.92
07:08:21,28.12,46.62,1015.39,-17.766,162.77
07:08:21,28.12,46.62,1015.39,-17.766,162.77
07:08:21,28.12,46.62,1015.39,-17.766,162.77
07:08:21,28.12,46.62,1015.39,-17.766,162.77
07:08:22,28.13,46.61,1015.39,-17.803,163.98
07:08:22,28.13,46.61,1015.39,-17.803,163.98
07:08:22,28.13,46.61,1015.39,-17.803,163.98
07:08:22,28.13,46.61,1015.39,-17.803,163.98
07:08:22,28.13,46.62,1015.39,-17.782,163.98
07:08:22,28.13,46.62,1015.39,-17.782,163.98
07:08:22,28.13,46.62,1015.39,-17.782,163.98
07:08:22,28.13,46.62,1015.39,-17.782,163.98
07:08:22,28.14,46.61,1015.39,-17.797,164.44
07:08:22,28.14,46.61,1015.39,-17.797,164.44
07:08:22,28.14,46.61,1015.39,-17.797,164.44
07:08:22,28.14,46.61,1015.39,-17.797,164.44
07:08:23,28.15,46.62,1015.39,-17.796,165.06
07:08:23,28.15,46.62,1015.39,-17.796,165.06
07:08:23,28.15,46.62,1015.39,-17.796,165.06
07:08:23,28.14,46.59,1015.38,-17.745,165.37
07:08:23,28.14,46.59,1015.38,-17.745,165.37
07:08:23,28.14,46.59,1015.38,-17.745,165.37
07:08:23,28.14,46.59,1015.38,-17.745,165.37
07:08:23,28.15,46.60,1015.39,-17.790,166.00
07:08:23,28.15,46.60,1015.39,-17.790,166.00
07:08:23,28.15,46.60,1015.39,-17.790,166.00
07:08:23,28.15,46.60,1015.39,-17.790,166.00
07:08:23,28.16,46.59,1015.38,-17.747,166.94
07:08:23,28.16,46.59,1015.38,-17.747,166.94
07:08:23,28.16,46.59,1015.38,-17.747,166.94
07:08:24,28.16,46.59,1015.38,-17.747,166.94
07:08:24,28.16,46.58,1015.39,-17.827,167.10
07:08:24,28.16,46.58,1015.39,-17.827,167.10
07:08:24,28.16,46.58,1015.39,-17.827,167.10
07:08:24,28.16,46.58,1015.39,-17.827,167.10
07:08:24,28.17,46.58,1015.40,-17.876,166.78
07:08:24,28.17,46.58,1015.40,-17.876,166.78
07:08:24,28.17,46.58,1015.40,-17.876,166.78
07:08:24,28.17,46.58,1015.40,-17.876,166.78
07:08:24,28.17,46.56,1015.40,-17.908,167.58
07:08:24,28.17,46.56,1015.40,-17.908,167.58
07:08:24,28.17,46.56,1015.40,-17.908,167.58
07:08:24,28.17,46.56,1015.40,-17.908,167.58
07:08:25,28.17,46.57,1015.40,-17.921,166.00
07:08:25,28.17,46.57,1015.40,-17.921,166.00
07:08:25,28.17,46.57,1015.40,-17.921,166.00
07:08:25,28.17,46.57,1015.40,-17.921,166.00
07:08:25,28.17,46.61,1015.40,-17.914,163.52
07:08:25,28.17,46.61,1015.40,-17.914,163.52
07:08:25,28.17,46.61,1015.40,-17.914,163.52
07:08:25,28.17,46.61,1015.40,-17.914,163.52
07:08:25,28.17,46.70,1015.40,-17.894,160.39
07:08:25,28.17,46.70,1015.40,-17.894,160.39
07:08:25,28.17,46.70,1015.40,-17.894,160.39
07:08:25,28.17,46.70,1015.40,-17.894,160.39
07:08:26,28.18,46.84,1015.41,-17.941,160.54
07:08:26,28.18,46.84,1015.41,-17.941,160.54
07:08:26,28.18,46.84,1015.41,-17.941,160.54
07:08:26,28.17,47.01,1015.41,-17.958,158.65
07:08:26,28.17,47.01,1015.41,-17.958,158.65
07:08:26,28.17,47.01,1015.41,-17.958,158.65
07:08:26,28.17,47.01,1015.41,-17.958,158.65
07:08:26,28.17,47.20,1015.41,-17.980,158.94
07:08:26,28.17,47.20,1015.41,-17.980,158.94
07:08:26,28.17,47.20,1015.41,-17.980,158.94
07:08:26,28.17,47.20,1015.41,-17.980,158.94
07:08:26,28.18,47.37,1015.41,-17.988,158.51
07:08:26,28.18,47.37,1015.41,-17.988,158.51
07:08:27,28.18,47.37,1015.41,-17.988,158.51
07:08:27,28.18,47.37,1015.41,-17.988,158.51
07:08:27,28.19,47.52,1015.42,-18.010,159.22
07:08:27,28.06,47.70,1015.42,-18.012,155.97
07:08:28,27.79,48.05,1015.41,-17.999,150.49
07:08:29,27.50,48.54,1015.41,-17.983,144.43
07:08:30,27.28,48.98,1015.41,-17.947,141.98
07:08:30,27.10,49.37,1015.41,-17.983,138.94
07:08:31,26.89,49.70,1015.41,-17.940,136.35
07:08:32,26.76,49.86,1015.40,-17.908,135.93
07:08:33,26.67,49.96,1015.40,-17.922,135.30
07:08:33,26.61,49.96,1015.41,-17.962,134.99
07:08:33,26.61,49.96,1015.41,-17.962,134.99
07:08:33,26.61,49.96,1015.41,-17.962,134.99
07:08:33,26.61,49.96,1015.41,-17.962,134.99
07:08:34,26.72,50.03,1015.41,-17.941,139.61
07:08:34,26.72,50.03,1015.41,-17.941,139.61
07:08:34,26.72,50.03,1015.41,-17.941,139.61
07:08:34,26.72,50.03,1015.41,-17.941,139.61
07:08:34,26.88,50.05,1015.41,-17.968,143.72
07:08:34,26.88,50.05,1015.41,-17.968,143.72
07:08:34,26.88,50.05,1015.41,-17.968,143.72
07:08:34,26.88,50.05,1015.41,-17.968,143.72
07:08:34,27.06,50.04,1015.40,-17.913,145.87
07:08:34,27.06,50.04,1015.40,-17.913,145.87
07:08:34,27.06,50.04,1015.40,-17.913,145.87
07:08:34,27.06,50.04,1015.40,-17.913,145.87
07:08:35,27.22,50.03,1015.40,-17.904,147.46
07:08:35,27.22,50.03,1015.40,-17.904,147.46
07:08:35,27.22,50.03,1015.40,-17.904,147.46
07:08:35,27.36,50.03,1015.40,-17.852,149.85
07:08:35,27.36,50.03,1015.40,-17.852,149.85
07:08:35,27.36,50.03,1015.40,-17.852,149.85
07:08:35,27.36,50.03,1015.40,-17.852,149.85
07:08:35,27.48,50.04,1015.39,-17.836,152.06
07:08:35,27.48,50.04,1015.39,-17.836,152.06
07:08:35,27.48,50.04,1015.39,-17.836,152.06
07:08:35,27.48,50.04,1015.39,-17.836,152.06
07:08:35,27.59,50.04,1015.39,-17.818,153.52
07:08:35,27.59,50.04,1015.39,-17.818,153.52
07:08:35,27.59,50.04,1015.39,-17.818,153.52
07:08:36,27.59,50.04,1015.39,-17.818,153.52
07:08:36,27.67,50.02,1015.39,-17.804,155.15
07:08:36,27.67,50.02,1015.39,-17.804,155.15
07:08:36,27.67,50.02,1015.39,-17.804,155.15
07:08:36,27.67,50.02,1015.39,-17.804,155.15
07:08:36,27.74,50.01,1015.40,-17.875,156.81
07:08:36,27.74,50.01,1015.40,-17.875,156.81
07:08:36,27.74,50.01,1015.40,-17.875,156.81
07:08:36,27.74,50.01,1015.40,-17.875,156.81
07:08:36,27.80,49.99,1015.40,-17.863,158.22
07:08:36,27.80,49.99,1015.40,-17.863,158.22
07:08:36,27.80,49.99,1015.40,-17.863,158.22
07:08:36,27.80,49.99,1015.40,-17.863,158.22
07:08:37,27.85,49.94,1015.40,-17.847,159.80
07:08:37,27.85,49.94,1015.40,-17.847,159.80
07:08:37,27.85,49.94,1015.40,-17.847,159.80
07:08:37,27.85,49.94,1015.40,-17.847,159.80
07:08:37,27.89,49.88,1015.39,-17.812,161.27
07:08:37,27.89,49.88,1015.39,-17.812,161.27
07:08:37,27.89,49.88,1015.39,-17.812,161.27
07:08:37,27.89,49.88,1015.39,-17.812,161.27
07:08:37,27.93,49.83,1015.39,-17.810,162.92
07:08:37,27.93,49.83,1015.39,-17.810,162.92
07:08:37,27.93,49.83,1015.39,-17.810,162.92
07:08:37,27.93,49.83,1015.39,-17.810,162.92
07:08:38,27.96,49.77,1015.39,-17.768,163.37
07:08:38,27.96,49.77,1015.39,-17.768,163.37
07:08:38,27.96,49.77,1015.39,-17.768,163.37
07:08:38,27.98,49.70,1015.40,-17.847,162.46
07:08:38,27.98,49.70,1015.40,-17.847,162.46
07:08:38,27.98,49.70,1015.40,-17.847,162.46
07:08:38,27.98,49.70,1015.40,-17.847,162.46
07:08:38,28.01,49.64,1015.39,-17.785,164.44
07:08:38,28.01,49.64,1015.39,-17.785,164.44
07:08:38,28.01,49.64,1015.39,-17.785,164.44
07:08:38,28.01,49.64,1015.39,-17.785,164.44
07:08:38,28.04,49.60,1015.39,-17.788,165.53
07:08:38,28.04,49.60,1015.39,-17.788,165.53
07:08:39,28.04,49.60,1015.39,-17.788,165.53
07:08:39,28.04,49.60,1015.39,-17.788,165.53
07:08:39,28.03,49.54,1015.39,-17.798,165.22
07:08:39,28.03,49.54,1015.39,-17.798,165.22
07:08:39,28.03,49.54,1015.39,-17.798,165.22
07:08:39,28.03,49.54,1015.39,-17.798,165.22
07:08:39,28.05,49.51,1015.39,-17.812,166.63
07:08:39,28.05,49.51,1015.39,-17.812,166.63
07:08:39,28.05,49.51,1015.39,-17.812,166.63
07:08:39,28.05,49.51,1015.39,-17.812,166.63
07:08:39,28.07,49.46,1015.39,-17.828,167.90
07:08:39,28.07,49.46,1015.39,-17.828,167.90
07:08:39,28.07,49.46,1015.39,-17.828,167.90
07:08:39,28.07,49.46,1015.39,-17.828,167.90
07:08:40,28.09,49.42,1015.39,-17.786,168.38
07:08:40,28.09,49.42,1015.39,-17.786,168.38
07:08:40,28.09,49.42,1015.39,-17.786,168.38
07:08:40,28.09,49.42,1015.39,-17.786,168.38
07:08:40,28.11,49.36,1015.40,-17.867,169.52
07:08:40,28.11,49.36,1015.40,-17.867,169.52
07:08:40,28.11,49.36,1015.40,-17.867,169.52
07:08:40,28.11,49.36,1015.40,-17.867,169.52
07:08:40,28.12,49.27,1015.40,-17.895,170.51
07:08:40,28.12,49.27,1015.40,-17.895,170.51
07:08:40,28.12,49.27,1015.40,-17.895,170.51
07:08:40,28.12,49.27,1015.40,-17.895,170.51
07:08:41,28.14,49.21,1015.40,-17.904,171.01
07:08:41,28.14,49.21,1015.40,-17.904,171.01
07:08:41,28.14,49.21,1015.40,-17.904,171.01
07:08:41,28.14,49.21,1015.40,-17.904,171.01
07:08:41,28.15,49.12,1015.41,-17.940,172.01
07:08:41,28.15,49.12,1015.41,-17.940,172.01
07:08:41,28.15,49.12,1015.41,-17.940,172.01
07:08:41,28.15,49.12,1015.41,-17.940,172.01
07:08:41,28.16,49.03,1015.41,-17.929,173.37
07:08:41,28.16,49.03,1015.41,-17.929,173.37
07:08:41,28.16,49.03,1015.41,-17.929,173.37
07:08:41,28.16,49.03,1015.41,-17.929,173.37
07:08:41,28.17,48.92,1015.41,-17.984,175.10
07:08:42,28.17,48.92,1015.41,-17.984,175.10
07:08:42,28.17,48.92,1015.41,-17.984,175.10
07:08:42,28.17,48.84,1015.41,-17.999,175.10
07:08:42,28.17,48.84,1015.41,-17.999,175.10
07:08:42,28.17,48.84,1015.41,-17.999,175.10
07:08:42,28.17,48.84,1015.41,-17.999,175.10
07:08:42,28.18,48.74,1015.41,-17.963,175.62
07:08:42,28.18,48.74,1015.41,-17.963,175.62
07:08:42,28.18,48.74,1015.41,-17.963,175.62
07:08:42,28.18,48.74,1015.41,-17.963,175.62
07:08:42,28.19,48.65,1015.40,-17.925,177.22
07:08:42,28.19,48.65,1015.40,-17.925,177.22
07:08:42,28.19,48.65,1015.40,-17.925,177.22
07:08:42,28.19,48.65,1015.40,-17.925,177.22
07:08:43,28.20,48.55,1015.40,-17.871,177.58
07:08:43,28.20,48.55,1015.40,-17.871,177.58
07:08:43,28.20,48.55,1015.40,-17.871,177.58
07:08:43,28.20,48.55,1015.40,-17.871,177.58
07:08:43,28.21,48.44,1015.39,-17.801,177.58
07:08:43,28.21,48.44,1015.39,-17.801,177.58
07:08:43,28.21,48.44,1015.39,-17.801,177.58
07:08:43,28.21,48.44,1015.39,-17.801,177.58
07:08:43,28.22,48.36,1015.39,-17.832,178.84
07:08:43,28.22,48.36,1015.39,-17.832,178.84
07:08:43,28.22,48.36,1015.39,-17.832,178.84
07:08:43,28.22,48.36,1015.39,-17.832,178.84
07:08:44,28.22,48.27,1015.40,-17.883,179.21
07:08:44,28.22,48.27,1015.40,-17.883,179.21
07:08:44,28.22,48.27,1015.40,-17.883,179.21
07:08:44,28.22,48.27,1015.40,-17.883,179.21
07:08:44,28.23,48.19,1015.40,-17.866,180.68
07:08:44,28.23,48.19,1015.40,-17.866,180.68
07:08:44,28.23,48.19,1015.40,-17.866,180.68
07:08:44,28.23,48.19,1015.40,-17.866,180.68
07:08:44,28.23,48.10,1015.39,-17.826,180.50
07:08:44,28.23,48.10,1015.39,-17.826,180.50
07:08:44,28.23,48.10,1015.39,-17.826,180.50
07:08:44,28.23,48.10,1015.39,-17.826,180.50
07:08:45,28.24,48.01,1015.40,-17.848,187.99
07:08:45,28.24,48.01,1015.40,-17.848,187.99
07:08:45,28.24,48.01,1015.40,-17.848,187.99
07:08:45,28.24,47.93,1015.39,-17.816,187.48
07:08:45,28.24,47.93,1015.39,-17.816,187.48
07:08:45,28.24,47.93,1015.39,-17.816,187.48
07:08:45,28.24,47.93,1015.39,-17.816,187.48
07:08:45,28.24,47.86,1015.40,-17.848,188.09
07:08:45,28.24,47.86,1015.40,-17.848,188.09
07:08:45,28.24,47.86,1015.40,-17.848,188.09
07:08:45,28.24,47.86,1015.40,-17.848,188.09
07:08:45,28.25,47.78,1015.39,-17.827,188.81
07:08:45,28.25,47.78,1015.39,-17.827,188.81
07:08:45,28.25,47.78,1015.39,-17.827,188.81
07:08:45,28.25,47.78,1015.39,-17.827,188.81
07:08:46,28.26,47.71,1015.39,-17.841,188.91
07:08:46,28.26,47.71,1015.39,-17.841,188.91
07:08:46,28.26,47.71,1015.39,-17.841,188.91
07:08:46,28.26,47.71,1015.39,-17.841,188.91
07:08:46,28.26,47.63,1015.40,-17.853,190.16
07:08:46,28.26,47.63,1015.40,-17.853,190.16
07:08:46,28.26,47.63,1015.40,-17.853,190.16
07:08:46,28.26,47.63,1015.40,-17.853,190.16
07:08:46,28.27,47.58,1015.40,-17.915,190.90
07:08:46,28.27,47.58,1015.40,-17.915,190.90
07:08:46,28.27,47.58,1015.40,-17.915,190.90
07:08:46,28.27,47.58,1015.40,-17.915,190.90
07:08:47,28.27,47.51,1015.41,-17.943,191.85
07:08:47,28.27,47.51,1015.41,-17.943,191.85
07:08:47,28.27,47.51,1015.41,-17.943,191.85
07:08:47,28.27,47.51,1015.41,-17.943,191.85
07:08:47,28.27,47.46,1015.41,-17.963,192.17
07:08:47,28.27,47.46,1015.41,-17.963,192.17
07:08:47,28.27,47.46,1015.41,-17.963,192.17
07:08:47,28.27,47.46,1015.41,-17.963,192.17
07:08:47,28.28,47.40,1015.42,-18.045,192.49
07:08:47,28.28,47.40,1015.42,-18.045,192.49
07:08:47,28.28,47.40,1015.42,-18.045,192.49
07:08:47,28.28,47.40,1015.42,-18.045,192.49
07:08:48,28.28,47.35,1015.42,-18.072,193.03
07:08:48,28.28,47.35,1015.42,-18.072,193.03
07:08:48,28.28,47.35,1015.42,-18.072,193.03
07:08:48,28.28,47.29,1015.43,-18.101,192.71
07:08:48,28.28,47.29,1015.43,-18.101,192.71
07:08:48,28.28,47.29,1015.43,-18.101,192.71
07:08:48,28.28,47.29,1015.43,-18.101,192.71
07:08:48,28.28,47.23,1015.42,-18.029,193.79
07:08:48,28.28,47.23,1015.42,-18.029,193.79
07:08:48,28.28,47.23,1015.42,-18.029,193.79
07:08:48,28.28,47.23,1015.42,-18.029,193.79
07:08:48,28.28,47.20,1015.42,-18.034,193.90
07:08:48,28.28,47.20,1015.42,-18.034,193.90
07:08:48,28.28,47.20,1015.42,-18.034,193.90
07:08:49,28.28,47.20,1015.42,-18.034,193.90
07:08:49,28.29,47.13,1015.42,-18.060,194.99
07:08:49,28.29,47.13,1015.42,-18.060,194.99
07:08:49,28.29,47.13,1015.42,-18.060,194.99
07:08:49,28.29,47.13,1015.42,-18.060,194.99
07:08:49,28.30,47.09,1015.42,-18.081,195.65
07:08:49,28.30,47.09,1015.42,-18.081,195.65
07:08:49,28.30,47.09,1015.42,-18.081,195.65
07:08:49,28.30,47.09,1015.42,-18.081,195.65
07:08:49,28.30,47.04,1015.43,-18.154,195.43
07:08:49,28.30,47.04,1015.43,-18.154,195.43
07:08:49,28.30,47.04,1015.43,-18.154,195.43
07:08:49,28.30,47.04,1015.43,-18.154,195.43
07:08:50,28.30,47.00,1015.43,-18.153,195.88
07:08:50,28.30,47.00,1015.43,-18.153,195.88
07:08:50,28.30,47.00,1015.43,-18.153,195.88
07:08:50,28.30,47.00,1015.43,-18.153,195.88
07:08:50,28.31,46.95,1015.43,-18.145,197.11
07:08:50,28.31,46.95,1015.43,-18.145,197.11
07:08:50,28.31,46.95,1015.43,-18.145,197.11
07:08:50,28.31,46.95,1015.43,-18.145,197.11
07:08:50,28.31,46.91,1015.43,-18.123,196.54
07:08:50,28.31,46.91,1015.43,-18.123,196.54
07:08:51,28.20,46.83,1015.43,-18.123,193.68
07:08:51,28.20,46.83,1015.43,-18.123,193.68
07:08:51,28.20,46.83,1015.43,-18.123,193.68
07:08:51,28.20,46.83,1015.43,-18.123,193.68
07:08:51,28.17,46.82,1015.42,-18.014,194.99
07:08:51,28.17,46.82,1015.42,-18.014,194.99
07:08:51,28.17,46.82,1015.42,-18.014,194.99
07:08:51,28.17,46.82,1015.42,-18.014,194.99
07:08:51,28.18,46.79,1015.42,-18.059,195.76
07:08:51,28.18,46.79,1015.42,-18.059,195.76
07:08:51,28.18,46.79,1015.42,-18.059,195.76
07:08:51,28.18,46.79,1015.42,-18.059,195.76
07:08:52,28.20,46.79,1015.42,-18.079,196.77
07:08:52,28.20,46.79,1015.42,-18.079,196.77
07:08:52,28.20,46.79,1015.42,-18.079,196.77
07:08:52,28.20,46.79,1015.42,-18.079,196.77
07:08:52,28.22,46.76,1015.42,-18.082,197.11
07:08:52,28.22,46.76,1015.42,-18.082,197.11
07:08:52,28.22,46.76,1015.42,-18.082,197.11
07:08:52,28.22,46.76,1015.42,-18.082,197.11
07:08:52,28.23,46.75,1015.43,-18.103,197.56
07:08:52,28.23,46.75,1015.43,-18.103,197.56
07:08:52,28.23,46.75,1015.43,-18.103,197.56
07:08:52,28.23,46.75,1015.43,-18.103,197.56
07:08:52,28.26,46.73,1015.43,-18.128,198.24
07:08:53,28.26,46.73,1015.43,-18.128,198.24
07:08:53,28.26,46.73,1015.43,-18.128,198.24
07:08:53,28.26,46.70,1015.43,-18.113,198.69
07:08:53,28.26,46.70,1015.43,-18.113,198.69
07:08:53,28.26,46.70,1015.43,-18.113,198.69
07:08:53,28.26,46.70,1015.43,-18.113,198.69
07:08:53,28.27,46.67,1015.43,-18.144,198.47
07:08:53,28.27,46.67,1015.43,-18.144,198.47
07:08:53,28.27,46.67,1015.43,-18.144,198.47
07:08:53,28.27,46.67,1015.43,-18.144,198.47
07:08:53,28.28,46.66,1015.44,-18.192,199.04
07:08:53,28.28,46.66,1015.44,-18.192,199.04
07:08:53,28.28,46.66,1015.44,-18.192,199.04
07:08:53,28.28,46.66,1015.44,-18.192,199.04
07:08:54,28.28,46.64,1015.44,-18.178,199.73
07:08:54,28.28,46.64,1015.44,-18.178,199.73
07:08:54,28.28,46.64,1015.44,-18.178,199.73
07:08:54,28.28,46.64,1015.44,-18.178,199.73
07:08:54,28.29,46.62,1015.44,-18.218,200.08
07:08:54,28.29,46.62,1015.44,-18.218,200.08
07:08:54,28.29,46.62,1015.44,-18.218,200.08
07:08:54,28.29,46.62,1015.44,-18.218,200.08
07:08:54,28.30,46.57,1015.44,-18.259,200.19
07:08:54,28.30,46.57,1015.44,-18.259,200.19
07:08:54,28.30,46.57,1015.44,-18.259,200.19
07:08:54,28.30,46.57,1015.44,-18.259,200.19
07:08:55,28.31,46.57,1015.44,-18.226,201.01
07:08:55,28.31,46.57,1015.44,-18.226,201.01
07:08:55,28.31,46.57,1015.44,-18.226,201.01
07:08:55,28.31,46.57,1015.44,-18.226,201.01
07:08:55,28.32,46.55,1015.44,-18.234,201.48
07:08:55,28.32,46.55,1015.44,-18.234,201.48
07:08:55,28.32,46.55,1015.44,-18.234,201.48
07:08:55,28.32,46.55,1015.44,-18.234,201.48
07:08:55,28.33,46.54,1015.45,-18.312,202.18
07:08:55,28.33,46.54,1015.45,-18.312,202.18
07:08:55,28.33,46.54,1015.45,-18.312,202.18
07:08:55,28.33,46.54,1015.45,-18.312,202.18
07:08:56,28.34,46.50,1015.46,-18.342,202.54
07:08:56,28.34,46.50,1015.46,-18.342,202.54
07:08:56,28.34,46.50,1015.46,-18.342,202.54
07:08:56,28.34,46.47,1015.45,-18.328,202.66
07:08:56,28.34,46.47,1015.45,-18.328,202.66
07:08:56,28.34,46.47,1015.45,-18.328,202.66
07:08:56,28.34,46.47,1015.45,-18.328,202.66
07:08:56,28.35,46.46,1015.45,-18.287,201.95
07:08:56,28.35,46.46,1015.45,-18.287,201.95
07:08:56,28.35,46.46,1015.45,-18.287,201.95
07:08:56,28.35,46.46,1015.45,-18.287,201.95
07:08:56,28.36,46.46,1015.46,-18.408,200.42
07:08:56,28.36,46.46,1015.46,-18.408,200.42
07:08:56,28.36,46.46,1015.46,-18.408,200.42
07:08:56,28.36,46.46,1015.46,-18.408,200.42
07:08:57,28.37,46.46,1015.46,-18.343,200.89
07:08:57,28.37,46.46,1015.46,-18.343,200.89
07:08:57,28.37,46.46,1015.46,-18.343,200.89
07:08:57,28.37,46.46,1015.46,-18.343,200.89
07:08:57,28.38,46.46,1015.46,-18.350,200.31
07:08:57,28.38,46.46,1015.46,-18.350,200.31
07:08:57,28.38,46.46,1015.46,-18.350,200.31
07:08:57,28.38,46.46,1015.46,-18.350,200.31
07:08:57,28.38,46.46,1015.46,-18.346,200.54
07:08:57,28.38,46.46,1015.46,-18.346,200.54
07:08:57,28.38,46.46,1015.46,-18.346,200.54
07:08:57,28.38,46.46,1015.46,-18.346,200.54
07:08:58,28.39,46.46,1015.45,-18.336,200.42
07:08:58,28.39,46.46,1015.45,-18.336,200.42
07:08:58,28.39,46.46,1015.45,-18.336,200.42
07:08:58,28.39,46.46,1015.45,-18.336,200.42
07:08:58,28.40,46.47,1015.45,-18.287,200.19
07:08:58,28.40,46.47,1015.45,-18.287,200.19
07:08:58,28.40,46.47,1015.45,-18.287,200.19
07:08:58,28.40,46.47,1015.45,-18.287,200.19
07:08:58,28.41,46.49,1015.45,-18.339,200.77
07:08:58,28.41,46.49,1015.45,-18.339,200.77
07:08:58,28.41,46.49,1015.45,-18.339,200.77
07:08:58,28.41,46.49,1015.45,-18.339,200.77
07:08:59,28.42,46.50,1015.45,-18.319,200.54
07:08:59,28.42,46.50,1015.45,-18.319,200.54
07:08:59,28.42,46.50,1015.45,-18.319,200.54
07:08:59,28.42,46.52,1015.46,-18.349,200.66
07:08:59,28.42,46.52,1015.46,-18.349,200.66
07:08:59,28.42,46.52,1015.46,-18.349,200.66
07:08:59,28.42,46.52,1015.46,-18.349,200.66
07:08:59,28.43,46.52,1015.46,-18.354,201.01
07:08:59,28.43,46.52,1015.46,-18.354,201.01
07:08:59,28.43,46.52,1015.46,-18.354,201.01
07:08:59,28.43,46.52,1015.46,-18.354,201.01
07:08:59,28.44,46.53,1015.45,-18.311,201.59
07:08:59,28.44,46.53,1015.45,-18.311,201.59
07:09:00,28.44,46.53,1015.45,-18.311,201.59
07:09:00,28.44,46.56,1015.46,-18.350,201.83
07:09:00,28.44,46.56,1015.46,-18.350,201.83
07:09:00,28.44,46.56,1015.46,-18.350,201.83
07:09:00,28.44,46.56,1015.46,-18.350,201.83
07:09:00,28.45,46.53,1015.45,-18.313,202.07
07:09:00,28.45,46.53,1015.45,-18.313,202.07
07:09:00,28.45,46.53,1015.45,-18.313,202.07
07:09:00,28.45,46.53,1015.45,-18.313,202.07
07:09:00,28.46,46.54,1015.44,-18.236,203.02
07:09:00,28.46,46.54,1015.44,-18.236,203.02
07:09:00,28.46,46.54,1015.44,-18.236,203.02
07:09:00,28.46,46.54,1015.44,-18.236,203.02
07:09:01,28.48,46.54,1015.43,-18.115,203.38
07:09:01,28.48,46.54,1015.43,-18.115,203.38
07:09:01,28.48,46.54,1015.43,-18.115,203.38
07:09:01,28.48,46.54,1015.43,-18.115,203.38
07:09:01,28.49,46.54,1015.43,-18.105,203.74
07:09:01,28.49,46.54,1015.43,-18.105,203.74
07:09:01,28.49,46.54,1015.43,-18.105,203.74
07:09:01,28.49,46.54,1015.43,-18.105,203.74
07:09:01,28.50,46.54,1015.42,-18.063,204.46
07:09:01,28.50,46.54,1015.42,-18.063,204.46
07:09:01,28.50,46.54,1015.42,-18.063,204.46
07:09:01,28.50,46.54,1015.42,-18.063,204.46
07:09:02,28.51,46.53,1015.42,-18.044,203.62
07:09:02,28.51,46.53,1015.42,-18.044,203.62
07:09:02,28.51,46.53,1015.42,-18.044,203.62
07:09:02,28.51,46.53,1015.42,-18.044,203.62
07:09:02,28.52,46.53,1015.42,-18.023,203.38
07:09:02,28.52,46.53,1015.42,-18.023,203.38
07:09:02,28.52,46.53,1015.42,-18.023,203.38
07:09:02,28.52,46.53,1015.42,-18.023,203.38
07:09:02,28.53,46.53,1015.41,-17.972,201.59
07:09:02,28.53,46.53,1015.41,-17.972,201.59
07:09:02,28.53,46.53,1015.41,-17.972,201.59
07:09:02,28.53,46.53,1015.41,-17.972,201.59
07:09:02,28.55,46.55,1015.41,-18.002,200.08
07:09:02,28.55,46.55,1015.41,-18.002,200.08
07:09:03,28.55,46.55,1015.41,-18.002,200.08
07:09:03,28.55,46.59,1015.42,-18.010,198.47
07:09:03,28.55,46.59,1015.42,-18.010,198.47
07:09:03,28.55,46.59,1015.42,-18.010,198.47
07:09:03,28.55,46.59,1015.42,-18.010,198.47
07:09:03,28.57,46.64,1015.41,-17.983,198.58
07:09:03,28.57,46.64,1015.41,-17.983,198.58
07:09:03,28.57,46.64,1015.41,-17.983,198.58
07:09:03,28.57,46.64,1015.41,-17.983,198.58
07:09:03,28.59,46.72,1015.41,-17.959,198.24
07:09:03,28.59,46.72,1015.41,-17.959,198.24
07:09:03,28.59,46.72,1015.41,-17.959,198.24
07:09:03,28.59,46.72,1015.41,-17.959,198.24
07:09:04,28.60,46.76,1015.40,-17.903,196.32
07:09:04,28.60,46.76,1015.40,-17.903,196.32
07:09:04,28.60,46.76,1015.40,-17.903,196.32
07:09:04,28.60,46.76,1015.40,-17.903,196.32
07:09:04,28.61,46.82,1015.40,-17.925,194.33
07:09:04,28.61,46.82,1015.40,-17.925,194.33
07:09:04,28.61,46.82,1015.40,-17.925,194.33
07:09:04,28.61,46.82,1015.40,-17.925,194.33
07:09:04,28.62,46.91,1015.41,-17.935,194.12
07:09:04,28.62,46.91,1015.41,-17.935,194.12
07:09:04,28.62,46.91,1015.41,-17.935,194.12
07:09:04,28.62,46.91,1015.41,-17.935,194.12
07:09:05,28.63,46.98,1015.40,-17.882,192.71
07:09:05,28.63,46.98,1015.40,-17.882,192.71
07:09:05,28.63,46.98,1015.40,-17.882,192.71
07:09:05,28.63,46.98,1015.40,-17.882,192.71
07:09:05,28.63,47.09,1015.41,-17.957,192.49
07:09:05,28.63,47.09,1015.41,-17.957,192.49
07:09:05,28.63,47.09,1015.41,-17.957,192.49
07:09:05,28.63,47.09,1015.41,-17.957,192.49
07:09:05,28.64,47.18,1015.41,-17.965,191.96
07:09:05,28.64,47.18,1015.41,-17.965,191.96
07:09:05,28.64,47.18,1015.41,-17.965,191.96
07:09:05,28.64,47.18,1015.41,-17.965,191.96
07:09:05,28.66,47.27,1015.41,-17.956,192.49
07:09:06,28.66,47.27,1015.41,-17.956,192.49
07:09:06,28.68,47.34,1015.41,-17.986,193.57
07:09:06,28.68,47.34,1015.41,-17.986,193.57
07:09:06,28.68,47.34,1015.41,-17.986,193.57
07:09:06,28.68,47.34,1015.41,-17.986,193.57
07:09:06,28.69,47.42,1015.41,-17.958,194.12
07:09:06,28.69,47.42,1015.41,-17.958,194.12
07:09:06,28.69,47.42,1015.41,-17.958,194.12
07:09:06,28.69,47.42,1015.41,-17.958,194.12
07:09:06,28.70,47.48,1015.41,-17.966,194.88
07:09:06,28.70,47.48,1015.41,-17.966,194.88
07:09:06,28.70,47.48,1015.41,-17.966,194.88
07:09:06,28.70,47.48,1015.41,-17.966,194.88
07:09:07,28.71,47.52,1015.41,-17.951,195.65
07:09:07,28.71,47.52,1015.41,-17.951,195.65
07:09:07,28.71,47.52,1015.41,-17.951,195.65
07:09:07,28.71,47.52,1015.41,-17.951,195.65
07:09:07,28.72,47.55,1015.41,-17.969,196.77
07:09:07,28.72,47.55,1015.41,-17.969,196.77
07:09:07,28.72,47.55,1015.41,-17.969,196.77
07:09:07,28.72,47.55,1015.41,-17.969,196.77
07:09:07,28.73,47.56,1015.41,-18.003,198.24
07:09:07,28.73,47.56,1015.41,-18.003,198.24
07:09:07,28.73,47.56,1015.41,-18.003,198.24
07:09:07,28.73,47.56,1015.41,-18.003,198.24
07:09:08,28.74,47.56,1015.41,-17.968,199.38
07:09:08,28.74,47.56,1015.41,-17.968,199.38
07:09:08,28.74,47.56,1015.41,-17.968,199.38
07:09:08,28.74,47.56,1015.41,-17.968,199.38
07:09:08,28.75,47.53,1015.41,-18.000,200.42
07:09:08,28.75,47.53,1015.41,-18.000,200.42
07:09:08,28.75,47.53,1015.41,-18.000,200.42
07:09:08,28.75,47.53,1015.41,-18.000,200.42
07:09:08,28.76,47.53,1015.41,-17.960,201.01
07:09:08,28.76,47.53,1015.41,-17.960,201.01
07:09:08,28.76,47.53,1015.41,-17.960,201.01
07:09:09,28.64,47.45,1015.41,-17.942,197.90
07:09:09,28.64,47.45,1015.41,-17.942,197.90
07:09:09,28.64,47.45,1015.41,-17.942,197.90
07:09:09,28.64,47.45,1015.41,-17.942,197.90
07:09:09,28.61,47.43,1015.41,-17.934,200.66
07:09:09,28.61,47.43,1015.41,-17.934,200.66
07:09:09,28.61,47.43,1015.41,-17.934,200.66
07:09:09,28.61,47.43,1015.41,-17.934,200.66
07:09:09,28.63,47.42,1015.40,-17.882,201.83
07:09:09,28.63,47.42,1015.40,-17.882,201.83
07:09:09,28.63,47.42,1015.40,-17.882,201.83
07:09:09,28.63,47.42,1015.40,-17.882,201.83
07:09:10,28.65,47.38,1015.40,-17.926,202.66
07:09:10,28.65,47.38,1015.40,-17.926,202.66
07:09:10,28.65,47.38,1015.40,-17.926,202.66
07:09:10,28.65,47.38,1015.40,-17.926,202.66
07:09:10,28.67,47.34,1015.41,-17.936,204.10
07:09:10,28.67,47.34,1015.41,-17.936,204.10
07:09:10,28.67,47.34,1015.41,-17.936,204.10
07:09:10,28.67,47.34,1015.41,-17.936,204.10
07:09:10,28.69,47.28,1015.40,-17.922,205.31
07:09:10,28.69,47.28,1015.40,-17.922,205.31
07:09:10,28.69,47.28,1015.40,-17.922,205.31
07:09:10,28.69,47.28,1015.40,-17.922,205.31
07:09:10,28.72,47.21,1015.40,-17.923,205.31
07:09:10,28.72,47.21,1015.40,-17.923,205.31
07:09:11,28.72,47.21,1015.40,-17.923,205.31
07:09:11,28.73,47.16,1015.40,-17.896,206.66
07:09:11,28.73,47.16,1015.40,-17.896,206.66
07:09:11,28.73,47.16,1015.40,-17.896,206.66
07:09:11,28.73,47.16,1015.40,-17.896,206.66
07:09:11,28.75,47.08,1015.40,-17.918,207.28
07:09:11,28.75,47.08,1015.40,-17.918,207.28
07:09:11,28.75,47.08,1015.40,-17.918,207.28
07:09:11,28.75,47.08,1015.40,-17.918,207.28
07:09:11,28.77,47.03,1015.40,-17.869,208.16
07:09:11,28.77,47.03,1015.40,-17.869,208.16
07:09:11,28.77,47.03,1015.40,-17.869,208.16
07:09:11,28.77,47.03,1015.40,-17.869,208.16
07:09:12,28.78,46.97,1015.40,-17.861,208.16
07:09:12,28.78,46.97,1015.40,-17.861,208.16
07:09:12,28.78,46.97,1015.40,-17.861,208.16
07:09:12,28.78,46.97,1015.40,-17.861,208.16
07:09:12,28.80,46.91,1015.40,-17.855,209.42
07:09:12,28.80,46.91,1015.40,-17.855,209.42
07:09:12,28.80,46.91,1015.40,-17.855,209.42
07:09:12,28.80,46.91,1015.40,-17.855,209.42
07:09:12,28.82,46.84,1015.40,-17.871,210.18
07:09:12,28.82,46.84,1015.40,-17.871,210.18
07:09:12,28.82,46.84,1015.40,-17.871,210.18
07:09:12,28.82,46.84,1015.40,-17.871,210.18
07:09:13,28.83,46.77,1015.39,-17.809,210.06
07:09:13,28.83,46.77,1015.39,-17.809,210.06
07:09:13,28.83,46.77,1015.39,-17.809,210.06
07:09:13,28.83,46.77,1015.39,-17.809,210.06
07:09:13,28.85,46.71,1015.38,-17.758,210.95
07:09:13,28.85,46.71,1015.38,-17.758,210.95
07:09:13,28.85,46.71,1015.38,-17.758,210.95
07:09:13,28.85,46.71,1015.38,-17.758,210.95
07:09:13,28.87,46.65,1015.39,-17.787,209.42
07:09:13,28.87,46.65,1015.39,-17.787,209.42
07:09:13,28.87,46.65,1015.39,-17.787,209.42
07:09:13,28.87,46.65,1015.39,-17.787,209.42
07:09:13,28.88,46.60,1015.40,-17.916,207.90
07:09:13,28.88,46.60,1015.40,-17.916,207.90
07:09:14,28.88,46.60,1015.40,-17.916,207.90
07:09:14,28.88,46.56,1015.40,-17.896,205.55
07:09:14,28.88,46.56,1015.40,-17.896,205.55
07:09:14,28.88,46.56,1015.40,-17.896,205.55
07:09:14,28.88,46.56,1015.40,-17.896,205.55
07:09:14,28.88,46.54,1015.40,-17.911,205.68
07:09:14,28.88,46.54,1015.40,-17.911,205.68
07:09:14,28.88,46.54,1015.40,-17.911,205.68
07:09:14,28.88,46.54,1015.40,-17.911,205.68
07:09:14,28.90,46.55,1015.41,-17.973,204.58
07:09:14,28.90,46.55,1015.41,-17.973,204.58
07:09:14,28.90,46.55,1015.41,-17.973,204.58
07:09:14,28.90,46.55,1015.41,-17.973,204.58
07:09:15,28.91,46.56,1015.41,-17.992,204.46
07:09:15,28.91,46.56,1015.41,-17.992,204.46
07:09:15,28.91,46.56,1015.41,-17.992,204.46
07:09:15,28.91,46.56,1015.41,-17.992,204.46
07:09:15,28.93,46.59,1015.41,-17.954,205.31
07:09:15,28.93,46.59,1015.41,-17.954,205.31
07:09:15,28.93,46.59,1015.41,-17.954,205.31
07:09:15,28.93,46.59,1015.41,-17.954,205.31
07:09:15,28.94,46.61,1015.41,-17.998,205.31
07:09:15,28.94,46.61,1015.41,-17.998,205.31
07:09:15,28.94,46.61,1015.41,-17.998,205.31
07:09:15,28.94,46.61,1015.41,-17.998,205.31
07:09:16,28.96,46.64,1015.41,-17.978,206.04
07:09:16,28.96,46.64,1015.41,-17.978,206.04
07:09:16,28.96,46.64,1015.41,-17.978,206.04
07:09:16,28.96,46.64,1015.41,-17.978,206.04
07:09:16,28.96,46.66,1015.42,-18.022,207.03
07:09:16,28.96,46.66,1015.42,-18.022,207.03
07:09:16,28.96,46.66,1015.42,-18.022,207.03
07:09:16,28.96,46.66,1015.42,-18.022,207.03
07:09:16,28.97,46.68,1015.41,-17.955,207.28
07:09:16,28.97,46.68,1015.41,-17.955,207.28
07:09:16,28.97,46.68,1015.41,-17.955,207.28
07:09:16,28.97,46.68,1015.41,-17.955,207.28
07:09:16,28.98,46.69,1015.41,-17.957,207.78
07:09:16,28.98,46.69,1015.41,-17.957,207.78
07:09:17,28.98,46.69,1015.41,-17.957,207.78
07:09:17,28.98,46.68,1015.41,-17.955,208.03
07:09:17,28.98,46.68,1015.41,-17.955,208.03
07:09:17,28.98,46.68,1015.41,-17.955,208.03
07:09:17,28.98,46.68,1015.41,-17.955,208.03
07:09:17,28.99,46.67,1015.40,-17.893,209.93
07:09:17,28.99,46.67,1015.40,-17.893,209.93
07:09:17,28.99,46.67,1015.40,-17.893,209.93
07:09:17,28.99,46.67,1015.40,-17.893,209.93
07:09:17,29.00,46.64,1015.39,-17.834,210.06
07:09:17,29.00,46.64,1015.39,-17.834,210.06
07:09:17,29.00,46.64,1015.39,-17.834,210.06
07:09:17,29.00,46.64,1015.39,-17.834,210.06
07:09:18,29.00,46.64,1015.40,-17.844,211.21
07:09:18,29.00,46.64,1015.40,-17.844,211.21
07:09:18,29.00,46.64,1015.40,-17.844,211.21
07:09:18,29.00,46.64,1015.40,-17.844,211.21
07:09:18,29.00,46.59,1015.40,-17.863,211.60
07:09:18,29.00,46.59,1015.40,-17.863,211.60
07:09:18,29.00,46.59,1015.40,-17.863,211.60
07:09:18,29.00,46.59,1015.40,-17.863,211.60
07:09:18,29.01,46.58,1015.40,-17.864,212.38
07:09:18,29.01,46.58,1015.40,-17.864,212.38
07:09:18,29.01,46.58,1015.40,-17.864,212.38
07:09:18,29.01,46.58,1015.40,-17.864,212.38
07:09:19,29.02,46.54,1015.39,-17.828,212.64
07:09:19,29.02,46.54,1015.39,-17.828,212.64
07:09:19,29.02,46.54,1015.39,-17.828,212.64
07:09:19,29.02,46.54,1015.39,-17.828,212.64
07:09:19,29.03,46.48,1015.39,-17.784,212.51
07:09:19,29.03,46.48,1015.39,-17.784,212.51
07:09:19,29.03,46.48,1015.39,-17.784,212.51
07:09:19,29.03,46.48,1015.39,-17.784,212.51
07:09:19,29.04,46.46,1015.38,-17.744,212.51
07:09:19,29.04,46.46,1015.38,-17.744,212.51
07:09:19,29.04,46.46,1015.38,-17.744,212.51
07:09:19,29.04,46.46,1015.38,-17.744,212.51
07:09:19,29.04,46.41,1015.38,-17.744,213.04
07:09:19,29.04,46.41,1015.38,-17.744,213.04
07:09:20,29.04,46.41,1015.38,-17.744,213.04
07:09:20,29.05,46.36,1015.39,-17.816,213.83
07:09:20,29.05,46.36,1015.39,-17.816,213.83
07:09:20,29.05,46.36,1015.39,-17.816,213.83
07:09:20,29.05,46.36,1015.39,-17.816,213.83
07:09:20,29.06,46.33,1015.40,-17.897,214.62
07:09:20,29.06,46.33,1015.40,-17.897,214.62
07:09:20,29.06,46.33,1015.40,-17.897,214.62
07:09:20,29.06,46.33,1015.40,-17.897,214.62
07:09:20,29.07,46.28,1015.40,-17.883,214.76
07:09:20,29.07,46.28,1015.40,-17.883,214.76
07:09:20,29.07,46.28,1015.40,-17.883,214.76
07:09:20,29.07,46.28,1015.40,-17.883,214.76
07:09:21,29.08,46.23,1015.41,-17.937,215.70
07:09:21,29.08,46.23,1015.41,-17.937,215.70
07:09:21,29.08,46.23,1015.41,-17.937,215.70
07:09:21,29.08,46.23,1015.41,-17.937,215.70
07:09:21,29.09,46.19,1015.41,-17.931,215.43
07:09:21,29.09,46.19,1015.41,-17.931,215.43
07:09:21,29.09,46.19,1015.41,-17.931,215.43
07:09:21,29.09,46.19,1015.41,-17.931,215.43
07:09:21,29.10,46.16,1015.41,-17.960,216.37
07:09:21,29.10,46.16,1015.41,-17.960,216.37
07:09:21,29.10,46.16,1015.41,-17.960,216.37
07:09:21,29.10,46.16,1015.41,-17.960,216.37
07:09:22,29.11,46.11,1015.41,-18.004,217.46
07:09:22,29.11,46.11,1015.41,-18.004,217.46
07:09:22,29.11,46.11,1015.41,-18.004,217.46
07:09:22,29.11,46.11,1015.41,-18.004,217.46
07:09:22,29.12,46.07,1015.42,-18.069,217.33
07:09:22,29.12,46.07,1015.42,-18.069,217.33
07:09:22,29.12,46.07,1015.42,-18.069,217.33
07:09:22,29.12,46.07,1015.42,-18.069,217.33
07:09:22,29.13,46.02,1015.43,-18.113,216.92
07:09:22,29.13,46.02,1015.43,-18.113,216.92
07:09:22,29.13,46.02,1015.43,-18.113,216.92
07:09:22,29.13,46.02,1015.43,-18.113,216.92
07:09:22,29.14,45.98,1015.42,-18.063,218.01
07:09:23,29.14,45.98,1015.42,-18.063,218.01
07:09:23,29.14,45.98,1015.42,-18.063,218.01
07:09:23,29.14,45.94,1015.42,-18.057,218.01
07:09:23,29.14,45.94,1015.42,-18.057,218.01
07:09:23,29.14,45.94,1015.42,-18.057,218.01
07:09:23,29.14,45.94,1015.42,-18.057,218.01
07:09:23,29.14,45.89,1015.42,-18.065,217.46
07:09:23,29.14,45.89,1015.42,-18.065,217.46
07:09:23,29.14,45.89,1015.42,-18.065,217.46
07:09:23,29.14,45.89,1015.42,-18.065,217.46
07:09:23,29.15,45.86,1015.41,-17.997,217.88
07:09:23,29.15,45.86,1015.41,-17.997,217.88
07:09:23,29.15,45.86,1015.41,-17.997,217.88
07:09:23,29.15,45.86,1015.41,-17.997,217.88
07:09:24,29.17,45.82,1015.41,-17.962,218.56
07:09:24,29.17,45.82,1015.41,-17.962,218.56
07:09:24,29.17,45.82,1015.41,-17.962,218.56
07:09:24,29.17,45.82,1015.41,-17.962,218.56
07:09:24,29.18,45.78,1015.40,-17.884,219.54
07:09:24,29.18,45.78,1015.40,-17.884,219.54
07:09:24,29.18,45.78,1015.40,-17.884,219.54
07:09:24,29.18,45.78,1015.40,-17.884,219.54
07:09:24,29.20,45.73,1015.40,-17.864,220.24
07:09:24,29.20,45.73,1015.40,-17.864,220.24
07:09:24,29.20,45.73,1015.40,-17.864,220.24
07:09:24,29.20,45.73,1015.40,-17.864,220.24
07:09:25,29.21,45.69,1015.40,-17.872,219.68
07:09:25,29.21,45.69,1015.40,-17.872,219.68
07:09:25,29.21,45.69,1015.40,-17.872,219.68
07:09:25,29.21,45.69,1015.40,-17.872,219.68
07:09:25,29.22,45.66,1015.40,-17.908,220.52
07:09:25,29.22,45.66,1015.40,-17.908,220.52
07:09:25,29.22,45.66,1015.40,-17.908,220.52
07:09:25,29.22,45.66,1015.40,-17.908,220.52
07:09:25,29.23,45.61,1015.40,-17.908,220.52
07:09:25,29.23,45.61,1015.40,-17.908,220.52
07:09:25,29.23,45.61,1015.40,-17.908,220.52
07:09:25,29.23,45.61,1015.40,-17.908,220.52
07:09:25,29.24,45.57,1015.40,-17.866,221.65
07:09:26,29.24,45.57,1015.40,-17.866,221.65
07:09:26,29.24,45.57,1015.40,-17.866,221.65
07:09:26,29.23,45.52,1015.40,-17.872,221.22
07:09:26,29.23,45.52,1015.40,-17.872,221.22
07:09:26,29.23,45.52,1015.40,-17.872,221.22
07:09:26,29.23,45.52,1015.40,-17.872,221.22
07:09:26,29.24,45.47,1015.40,-17.856,221.65
07:09:26,29.24,45.47,1015.40,-17.856,221.65
07:09:27,29.13,45.39,1015.40,-17.878,218.15
07:09:27,29.13,45.39,1015.40,-17.878,218.15
07:09:27,29.13,45.39,1015.40,-17.878,218.15
07:09:27,29.13,45.39,1015.40,-17.878,218.15
07:09:27,29.10,45.37,1015.39,-17.805,219.54
07:09:27,29.10,45.37,1015.39,-17.805,219.54
07:09:27,29.10,45.37,1015.39,-17.805,219.54
07:09:27,29.10,45.37,1015.39,-17.805,219.54
07:09:27,29.10,45.35,1015.39,-17.802,221.51
07:09:27,29.10,45.35,1015.39,-17.802,221.51
07:09:27,29.10,45.35,1015.39,-17.802,221.51
07:09:27,29.10,45.35,1015.39,-17.802,221.51
07:09:27,29.12,45.32,1015.39,-17.781,221.22
07:09:27,29.12,45.32,1015.39,-17.781,221.22
07:09:28,29.12,45.32,1015.39,-17.781,221.22
07:09:28,29.14,45.30,1015.39,-17.761,220.52
07:09:28,29.14,45.30,1015.39,-17.761,220.52
07:09:28,29.14,45.30,1015.39,-17.761,220.52
07:09:28,29.14,45.30,1015.39,-17.761,220.52
07:09:28,29.16,45.27,1015.38,-17.739,222.79
07:09:28,29.16,45.27,1015.38,-17.739,222.79
07:09:28,29.16,45.27,1015.38,-17.739,222.79
07:09:28,29.16,45.27,1015.38,-17.739,222.79
07:09:28,29.19,45.24,1015.38,-17.754,222.79
07:09:28,29.19,45.24,1015.38,-17.754,222.79
07:09:28,29.19,45.24,1015.38,-17.754,222.79
07:09:28,29.19,45.24,1015.38,-17.754,222.79
07:09:29,29.21,45.22,1015.39,-17.820,223.52
07:09:29,29.21,45.22,1015.39,-17.820,223.52
07:09:29,29.21,45.22,1015.39,-17.820,223.52
07:09:29,29.21,45.22,1015.39,-17.820,223.52
07:09:29,29.23,45.17,1015.40,-17.845,223.80
07:09:29,29.23,45.17,1015.40,-17.845,223.80
07:09:29,29.23,45.17,1015.40,-17.845,223.80
07:09:29,29.23,45.17,1015.40,-17.845,223.80
07:09:29,29.24,45.12,1015.40,-17.910,223.80
07:09:29,29.24,45.12,1015.40,-17.910,223.80
07:09:29,29.24,45.12,1015.40,-17.910,223.80
07:09:29,29.24,45.12,1015.40,-17.910,223.80
07:09:30,29.26,45.10,1015.41,-17.960,224.10
07:09:30,29.26,45.10,1015.41,-17.960,224.10
07:09:30,29.26,45.10,1015.41,-17.960,224.10
07:09:30,29.26,45.10,1015.41,-17.960,224.10
07:09:30,29.26,45.05,1015.42,-18.053,224.10
07:09:30,29.26,45.05,1015.42,-18.053,224.10
07:09:30,29.26,45.05,1015.42,-18.053,224.10
07:09:30,29.26,45.05,1015.42,-18.053,224.10
07:09:30,29.27,45.02,1015.41,-18.001,226.15
07:09:30,29.27,45.02,1015.41,-18.001,226.15
07:09:30,29.27,45.02,1015.41,-18.001,226.15
07:09:30,29.27,45.02,1015.41,-18.001,226.15
07:09:30,29.28,44.97,1015.41,-18.004,224.82
07:09:30,29.28,44.97,1015.41,-18.004,224.82
07:09:31,29.28,44.97,1015.41,-18.004,224.82
07:09:31,29.28,44.93,1015.41,-17.998,226.00
07:09:31,29.28,44.93,1015.41,-17.998,226.00
07:09:31,29.28,44.93,1015.41,-17.998,226.00
07:09:31,29.28,44.93,1015.41,-17.998,226.00
07:09:31,29.29,44.91,1015.41,-17.995,225.26
07:09:31,29.29,44.91,1015.41,-17.995,225.26
07:09:31,29.29,44.91,1015.41,-17.995,225.26
07:09:31,29.29,44.91,1015.41,-17.995,225.26
07:09:31,29.30,44.87,1015.41,-17.967,226.89
07:09:31,29.30,44.87,1015.41,-17.967,226.89
07:09:31,29.30,44.87,1015.41,-17.967,226.89
07:09:31,29.30,44.87,1015.41,-17.967,226.89
07:09:32,29.31,44.83,1015.41,-17.983,227.64
07:09:32,29.31,44.83,1015.41,-17.983,227.64
07:09:32,29.31,44.83,1015.41,-17.983,227.64
07:09:32,29.31,44.83,1015.41,-17.983,227.64
07:09:32,29.32,44.79,1015.41,-17.967,226.89
07:09:32,29.32,44.79,1015.41,-17.967,226.89
07:09:32,29.32,44.79,1015.41,-17.967,226.89
07:09:32,29.32,44.79,1015.41,-17.967,226.89
07:09:32,29.33,44.76,1015.40,-17.902,227.64
07:09:32,29.33,44.76,1015.40,-17.902,227.64
07:09:32,29.33,44.76,1015.40,-17.902,227.64
07:09:32,29.33,44.76,1015.40,-17.902,227.64
07:09:33,29.33,44.72,1015.41,-17.947,228.54
07:09:33,29.33,44.72,1015.41,-17.947,228.54
07:09:33,29.33,44.72,1015.41,-17.947,228.54
07:09:33,29.33,44.72,1015.41,-17.947,228.54
07:09:33,29.34,44.70,1015.41,-17.963,227.04
07:09:33,29.34,44.70,1015.41,-17.963,227.04
07:09:33,29.34,44.70,1015.41,-17.963,227.04
07:09:33,29.34,44.70,1015.41,-17.963,227.04
07:09:33,29.35,44.66,1015.41,-17.969,228.54
07:09:33,29.35,44.66,1015.41,-17.969,228.54
07:09:33,29.35,44.66,1015.41,-17.969,228.54
07:09:33,29.35,44.66,1015.41,-17.969,228.54
07:09:33,29.36,44.63,1015.41,-17.933,228.09
07:09:34,29.36,44.63,1015.41,-17.933,228.09
07:09:34,29.36,44.63,1015.41,-17.933,228.09
07:09:34,29.36,44.61,1015.41,-17.985,227.79
07:09:34,29.36,44.61,1015.41,-17.985,227.79
07:09:34,29.36,44.61,1015.41,-17.985,227.79
07:09:34,29.36,44.61,1015.41,-17.985,227.79
07:09:34,29.37,44.59,1015.40,-17.889,228.70
07:09:34,29.37,44.59,1015.40,-17.889,228.70
07:09:34,29.37,44.59,1015.40,-17.889,228.70
07:09:34,29.37,44.59,1015.40,-17.889,228.70
07:09:34,29.38,44.55,1015.40,-17.919,227.64
07:09:34,29.38,44.55,1015.40,-17.919,227.64
07:09:34,29.38,44.55,1015.40,-17.919,227.64
07:09:34,29.38,44.55,1015.40,-17.919,227.64
07:09:35,29.39,44.53,1015.40,-17.892,228.54
07:09:35,29.39,44.53,1015.40,-17.892,228.54
07:09:35,29.39,44.53,1015.40,-17.892,228.54
07:09:35,29.39,44.53,1015.40,-17.892,228.54
07:09:35,29.39,44.51,1015.40,-17.904,228.54
07:09:35,29.39,44.51,1015.40,-17.904,228.54
07:09:35,29.39,44.51,1015.40,-17.904,228.54
07:09:35,29.39,44.51,1015.40,-17.904,228.54
07:09:35,29.40,44.46,1015.41,-17.941,230.22
07:09:35,29.40,44.46,1015.41,-17.941,230.22
07:09:35,29.40,44.46,1015.41,-17.941,230.22
07:09:35,29.40,44.46,1015.41,-17.941,230.22
07:09:36,29.41,44.45,1015.41,-17.982,229.92
07:09:36,29.41,44.45,1015.41,-17.982,229.92
07:09:36,29.41,44.45,1015.41,-17.982,229.92
07:09:36,29.41,44.45,1015.41,-17.982,229.92
07:09:36,29.42,44.41,1015.42,-18.019,229.46
07:09:36,29.42,44.41,1015.42,-18.019,229.46
07:09:36,29.42,44.41,1015.42,-18.019,229.46
07:09:36,29.42,44.41,1015.42,-18.019,229.46
07:09:36,29.43,44.40,1015.42,-18.069,230.22
07:09:36,29.43,44.40,1015.42,-18.069,230.22
07:09:36,29.43,44.40,1015.42,-18.069,230.22
07:09:36,29.43,44.40,1015.42,-18.069,230.22
07:09:36,29.44,44.37,1015.42,-18.078,230.07
07:09:37,29.44,44.37,1015.42,-18.078,230.07
07:09:37,29.44,44.37,1015.42,-18.078,230.07
07:09:37,29.43,44.35,1015.43,-18.171,230.38
07:09:37,29.43,44.35,1015.43,-18.171,230.38
07:09:37,29.43,44.35,1015.43,-18.171,230.38
07:09:37,29.43,44.35,1015.43,-18.171,230.38
07:09:37,29.44,44.32,1015.44,-18.180,231.15
07:09:37,29.44,44.32,1015.44,-18.180,231.15
07:09:37,29.44,44.32,1015.44,-18.180,231.15
07:09:37,29.44,44.32,1015.44,-18.180,231.15
07:09:37,29.45,44.29,1015.43,-18.152,230.38
07:09:37,29.45,44.29,1015.43,-18.152,230.38
07:09:37,29.45,44.29,1015.43,-18.152,230.38
07:09:37,29.45,44.29,1015.43,-18.152,230.38
07:09:38,29.43,44.24,1015.43,-18.128,230.99
07:09:38,29.43,44.24,1015.43,-18.128,230.99
07:09:38,29.43,44.24,1015.43,-18.128,230.99
07:09:38,29.43,44.24,1015.43,-18.128,230.99
07:09:38,29.43,44.22,1015.43,-18.123,230.68
07:09:38,29.43,44.22,1015.43,-18.123,230.68
07:09:38,29.43,44.22,1015.43,-18.123,230.68
07:09:38,29.43,44.22,1015.43,-18.123,230.68
07:09:38,29.44,44.21,1015.42,-18.021,231.92
07:09:38,29.44,44.21,1015.42,-18.021,231.92
07:09:38,29.44,44.21,1015.42,-18.021,231.92
07:09:38,29.44,44.21,1015.42,-18.021,231.92
07:09:39,29.45,44.20,1015.41,-18.004,231.61
07:09:39,29.45,44.20,1015.41,-18.004,231.61
07:09:39,29.45,44.20,1015.41,-18.004,231.61
07:09:39,29.45,44.20,1015.41,-18.004,231.61
07:09:39,29.46,44.15,1015.42,-18.027,231.46
07:09:39,29.46,44.15,1015.42,-18.027,231.46
07:09:39,29.46,44.15,1015.42,-18.027,231.46
07:09:39,29.46,44.15,1015.42,-18.027,231.46
07:09:39,29.48,44.15,1015.40,-17.901,232.23
07:09:39,29.48,44.15,1015.40,-17.901,232.23
07:09:39,29.48,44.15,1015.40,-17.901,232.23
07:09:39,29.48,44.15,1015.40,-17.901,232.23
07:09:40,29.49,44.13,1015.40,-17.857,231.46
07:09:40,29.49,44.13,1015.40,-17.857,231.46
07:09:40,29.49,44.13,1015.40,-17.857,231.46
07:09:40,29.49,44.13,1015.40,-17.857,231.46
07:09:40,29.48,44.11,1015.40,-17.854,230.84
07:09:40,29.48,44.11,1015.40,-17.854,230.84
07:09:40,29.48,44.11,1015.40,-17.854,230.84
07:09:40,29.48,44.11,1015.40,-17.854,230.84
07:09:40,29.47,44.11,1015.40,-17.861,232.08
07:09:40,29.47,44.11,1015.40,-17.861,232.08
07:09:40,29.47,44.11,1015.40,-17.861,232.08
07:09:40,29.47,44.11,1015.40,-17.861,232.08
07:09:40,29.48,44.12,1015.39,-17.820,231.77
07:09:40,29.48,44.12,1015.39,-17.820,231.77
07:09:40,29.48,44.12,1015.39,-17.820,231.77
07:09:41,29.48,44.12,1015.39,-17.764,232.39
07:09:41,29.48,44.12,1015.39,-17.764,232.39
07:09:41,29.48,44.12,1015.39,-17.764,232.39
07:09:41,29.48,44.12,1015.39,-17.764,232.39
07:09:41,29.49,44.11,1015.39,-17.819,231.77
07:09:41,29.49,44.11,1015.39,-17.819,231.77
07:09:41,29.49,44.11,1015.39,-17.819,231.77
07:09:41,29.49,44.11,1015.39,-17.819,231.77
07:09:41,29.50,44.11,1015.40,-17.898,232.39
07:09:41,29.50,44.11,1015.40,-17.898,232.39
07:09:41,29.50,44.11,1015.40,-17.898,232.39
07:09:41,29.50,44.11,1015.40,-17.898,232.39
07:09:42,29.50,44.11,1015.40,-17.893,231.30
07:09:42,29.50,44.11,1015.40,-17.893,231.30
07:09:42,29.50,44.11,1015.40,-17.893,231.30
07:09:42,29.50,44.11,1015.40,-17.893,231.30
07:09:42,29.50,44.09,1015.40,-17.880,233.49
07:09:42,29.50,44.09,1015.40,-17.880,233.49
07:09:42,29.50,44.09,1015.40,-17.880,233.49
07:09:42,29.50,44.09,1015.40,-17.880,233.49
07:09:42,29.51,44.07,1015.40,-17.872,233.65
07:09:42,29.51,44.07,1015.40,-17.872,233.65
07:09:42,29.51,44.07,1015.40,-17.872,233.65
07:09:42,29.51,44.07,1015.40,-17.872,233.65
07:09:43,29.51,44.06,1015.41,-17.965,232.86
07:09:43,29.51,44.06,1015.41,-17.965,232.86
07:09:43,29.51,44.06,1015.41,-17.965,232.86
07:09:43,29.51,44.06,1015.41,-17.965,232.86
07:09:43,29.51,44.06,1015.42,-18.023,233.49
07:09:43,29.51,44.06,1015.42,-18.023,233.49
07:09:43,29.51,44.06,1015.42,-18.023,233.49
07:09:43,29.51,44.06,1015.42,-18.023,233.49
07:09:43,29.51,44.05,1015.42,-18.057,232.39
07:09:43,29.51,44.05,1015.42,-18.057,232.39
07:09:43,29.51,44.05,1015.42,-18.057,232.39
07:09:43,29.51,44.05,1015.42,-18.057,232.39
07:09:43,29.50,44.04,1015.42,-18.053,232.70
07:09:43,29.50,44.04,1015.42,-18.053,232.70
07:09:43,29.50,44.04,1015.42,-18.053,232.70
07:09:44,29.50,44.03,1015.43,-18.102,230.84
07:09:44,29.50,44.03,1015.43,-18.102,230.84
07:09:44,29.50,44.03,1015.43,-18.102,230.84
07:09:44,29.50,44.03,1015.43,-18.102,230.84
07:09:44,29.50,44.04,1015.43,-18.165,231.15
07:09:44,29.42,44.03,1015.44,-18.229,228.39
07:09:44,29.42,44.03,1015.44,-18.229,228.39
07:09:45,29.42,44.03,1015.44,-18.229,228.39
07:09:45,29.39,44.06,1015.44,-18.238,228.09
07:09:45,29.39,44.06,1015.44,-18.238,228.09
07:09:45,29.39,44.06,1015.44,-18.238,228.09
07:09:45,29.39,44.06,1015.44,-18.238,228.09
07:09:45,29.39,44.08,1015.44,-18.216,229.46
07:09:45,29.39,44.08,1015.44,-18.216,229.46
07:09:45,29.39,44.08,1015.44,-18.216,229.46
07:09:45,29.39,44.08,1015.44,-18.216,229.46
07:09:45,29.40,44.11,1015.44,-18.201,230.07
07:09:45,29.40,44.11,1015.44,-18.201,230.07
07:09:45,29.40,44.11,1015.44,-18.201,230.07
07:09:45,29.40,44.11,1015.44,-18.201,230.07
07:09:46,29.41,44.15,1015.44,-18.192,229.46
07:09:46,29.41,44.15,1015.44,-18.192,229.46
07:09:46,29.41,44.15,1015.44,-18.192,229.46
07:09:46,29.41,44.15,1015.44,-18.192,229.46
07:09:46,29.43,44.16,1015.43,-18.171,231.15
07:09:46,29.43,44.16,1015.43,-18.171,231.15
07:09:46,29.43,44.16,1015.43,-18.171,231.15
07:09:46,29.43,44.16,1015.43,-18.171,231.15
07:09:46,29.45,44.17,1015.43,-18.171,230.07
07:09:46,29.45,44.17,1015.43,-18.171,230.07
07:09:46,29.45,44.17,1015.43,-18.171,230.07
07:09:46,29.45,44.17,1015.43,-18.171,230.07
07:09:47,29.46,44.19,1015.43,-18.150,230.99
07:09:47,29.46,44.19,1015.43,-18.150,230.99
07:09:47,29.46,44.19,1015.43,-18.150,230.99
07:09:47,29.46,44.19,1015.43,-18.150,230.99
07:09:47,29.47,44.20,1015.43,-18.101,232.39
07:09:47,29.47,44.20,1015.43,-18.101,232.39
07:09:47,29.47,44.20,1015.43,-18.101,232.39
07:09:47,29.47,44.20,1015.43,-18.101,232.39
07:09:47,29.48,44.18,1015.43,-18.160,231.92
07:09:47,29.48,44.18,1015.43,-18.160,231.92
07:09:47,29.48,44.18,1015.43,-18.160,231.92
07:09:47,29.48,44.18,1015.43,-18.160,231.92
07:09:47,29.49,44.20,1015.42,-18.056,231.30
07:09:48,29.49,44.20,1015.42,-18.056,231.30
07:09:48,29.49,44.20,1015.42,-18.056,231.30
07:09:48,29.50,44.20,1015.41,-17.964,233.02
07:09:48,29.50,44.20,1015.41,-17.964,233.02
07:09:48,29.50,44.20,1015.41,-17.964,233.02
07:09:48,29.50,44.20,1015.41,-17.964,233.02
07:09:48,29.51,44.19,1015.40,-17.857,232.23
07:09:48,29.51,44.19,1015.40,-17.857,232.23
07:09:48,29.51,44.19,1015.40,-17.857,232.23
07:09:48,29.51,44.19,1015.40,-17.857,232.23
07:09:48,29.52,44.20,1015.38,-17.741,233.81
07:09:48,29.52,44.20,1015.38,-17.741,233.81
07:09:48,29.52,44.20,1015.38,-17.741,233.81
07:09:48,29.52,44.20,1015.38,-17.741,233.81
07:09:49,29.53,44.19,1015.38,-17.732,232.55
07:09:49,29.53,44.19,1015.38,-17.732,232.55
07:09:49,29.53,44.19,1015.38,-17.732,232.55
07:09:49,29.53,44.19,1015.38,-17.732,232.55
07:09:49,29.54,44.18,1015.38,-17.748,233.96
07:09:49,29.54,44.18,1015.38,-17.748,233.96
07:09:49,29.54,44.18,1015.38,-17.748,233.96
07:09:49,29.54,44.18,1015.38,-17.748,233.96
07:09:49,29.54,44.19,1015.38,-17.748,233.49
07:09:49,29.54,44.19,1015.38,-17.748,233.49
07:09:49,29.54,44.19,1015.38,-17.748,233.49
07:09:49,29.54,44.19,1015.38,-17.748,233.49
07:09:50,29.55,44.18,1015.39,-17.762,233.96
07:09:50,29.55,44.18,1015.39,-17.762,233.96
07:09:50,29.55,44.18,1015.39,-17.762,233.96
07:09:50,29.55,44.18,1015.39,-17.762,233.96
07:09:50,29.56,44.16,1015.38,-17.722,233.96
07:09:50,29.56,44.16,1015.38,-17.722,233.96
07:09:50,29.56,44.16,1015.38,-17.722,233.96
07:09:50,29.56,44.16,1015.38,-17.722,233.96
07:09:50,29.57,44.15,1015.38,-17.715,235.88
07:09:50,29.57,44.15,1015.38,-17.715,235.88
07:09:50,29.57,44.15,1015.38,-17.715,235.88
07:09:50,29.57,44.15,1015.38,-17.715,235.88
07:09:50,29.58,44.14,1015.38,-17.742,234.60
07:09:51,29.58,44.14,1015.38,-17.742,234.60
07:09:51,29.58,44.14,1015.38,-17.742,234.60
07:09:51,29.58,44.13,1015.38,-17.727,233.96
07:09:51,29.58,44.13,1015.38,-17.727,233.96
07:09:51,29.58,44.13,1015.38,-17.727,233.96
07:09:51,29.58,44.13,1015.38,-17.727,233.96
07:09:51,29.59,44.11,1015.38,-17.758,234.76
07:09:51,29.59,44.11,1015.38,-17.758,234.76
07:09:51,29.59,44.11,1015.38,-17.758,234.76
07:09:51,29.59,44.11,1015.38,-17.758,234.76
07:09:51,29.59,44.10,1015.39,-17.777,235.08
07:09:51,29.59,44.10,1015.39,-17.777,235.08
07:09:51,29.59,44.10,1015.39,-17.777,235.08
07:09:51,29.59,44.10,1015.39,-17.777,235.08
07:09:52,29.60,44.10,1015.39,-17.779,235.40
07:09:52,29.60,44.10,1015.39,-17.779,235.40
07:09:52,29.60,44.10,1015.39,-17.779,235.40
07:09:52,29.60,44.10,1015.39,-17.779,235.40
07:09:52,29.60,44.08,1015.38,-17.730,235.88
07:09:52,29.60,44.08,1015.38,-17.730,235.88
07:09:52,29.60,44.08,1015.38,-17.730,235.88
07:09:52,29.60,44.08,1015.38,-17.730,235.88
07:09:52,29.60,44.06,1015.39,-17.772,236.37
07:09:52,29.60,44.06,1015.39,-17.772,236.37
07:09:52,29.60,44.06,1015.39,-17.772,236.37
07:09:52,29.60,44.06,1015.39,-17.772,236.37
07:09:53,29.60,44.06,1015.38,-17.729,235.56
07:09:53,29.60,44.06,1015.38,-17.729,235.56
07:09:53,29.60,44.06,1015.38,-17.729,235.56
07:09:53,29.60,44.06,1015.38,-17.729,235.56
07:09:53,29.60,44.05,1015.39,-17.773,235.56
07:09:53,29.60,44.05,1015.39,-17.773,235.56
07:09:53,29.60,44.05,1015.39,-17.773,235.56
07:09:53,29.60,44.05,1015.39,-17.773,235.56
07:09:53,29.60,44.03,1015.39,-17.769,237.67
07:09:53,29.60,44.03,1015.39,-17.769,237.67
07:09:53,29.60,44.03,1015.39,-17.769,237.67
07:09:53,29.60,44.03,1015.39,-17.769,237.67
07:09:53,29.60,44.01,1015.39,-17.777,235.56
07:09:54,29.60,44.01,1015.39,-17.777,235.56
07:09:54,29.60,44.01,1015.39,-17.772,237.83
07:09:54,29.60,43.99,1015.39,-17.772,237.83
07:09:54,29.60,43.99,1015.39,-17.772,237.83
07:09:54,29.60,43.99,1015.39,-17.772,237.83
07:09:54,29.60,43.97,1015.39,-17.787,238.32
07:09:54,29.60,43.97,1015.39,-17.787,238.32
07:09:54,29.60,43.97,1015.39,-17.787,238.32
07:09:54,29.60,43.97,1015.39,-17.787,238.32
07:09:54,29.60,43.94,1015.39,-17.765,237.83
07:09:54,29.60,43.94,1015.39,-17.765,237.83
07:09:54,29.60,43.94,1015.39,-17.765,237.83
07:09:54,29.60,43.94,1015.39,-17.765,237.83
07:09:55,29.56,43.90,1015.39,-17.791,235.40
07:09:55,29.56,43.90,1015.39,-17.791,235.40
07:09:55,29.56,43.90,1015.39,-17.791,235.40
07:09:55,29.56,43.90,1015.39,-17.791,235.40
07:09:55,29.55,43.89,1015.38,-17.732,237.67
07:09:55,29.55,43.89,1015.38,-17.732,237.67
07:09:55,29.55,43.89,1015.38,-17.732,237.67
07:09:55,29.55,43.89,1015.38,-17.732,237.67
07:09:55,29.56,43.87,1015.37,-17.675,238.49
07:09:55,29.56,43.87,1015.37,-17.675,238.49
07:09:55,29.56,43.87,1015.37,-17.675,238.49
07:09:55,29.56,43.87,1015.37,-17.675,238.49
07:09:56,29.56,43.86,1015.38,-17.718,237.67
07:09:56,29.56,43.86,1015.38,-17.718,237.67
07:09:56,29.56,43.86,1015.38,-17.718,237.67
07:09:56,29.56,43.86,1015.38,-17.718,237.67
07:09:56,29.57,43.84,1015.38,-17.701,239.15
07:09:56,29.57,43.84,1015.38,-17.701,239.15
07:09:56,29.57,43.84,1015.38,-17.701,239.15
07:09:56,29.57,43.84,1015.38,-17.701,239.15
07:09:56,29.58,43.82,1015.38,-17.712,238.16
07:09:56,29.58,43.82,1015.38,-17.712,238.16
07:09:56,29.58,43.82,1015.38,-17.712,238.16
07:09:56,29.58,43.82,1015.38,-17.712,238.16
07:09:57,29.58,43.79,1015.38,-17.727,237.83
07:09:57,29.58,43.79,1015.38,-17.727,237.83
07:09:57,29.58,43.79,1015.38,-17.727,237.83
07:09:57,29.58,43.79,1015.38,-17.727,237.83
07:09:57,29.59,43.79,1015.37,-17.656,239.15
07:09:57,29.59,43.79,1015.37,-17.656,239.15
07:09:57,29.59,43.79,1015.37,-17.656,239.15
07:09:57,29.59,43.79,1015.37,-17.656,239.15
07:09:57,29.60,43.77,1015.38,-17.678,239.48
07:09:57,29.60,43.77,1015.38,-17.678,239.48
07:09:57,29.60,43.77,1015.38,-17.678,239.48
07:09:57,29.60,43.77,1015.38,-17.678,239.48
07:09:57,29.60,43.75,1015.37,-17.677,239.65
07:09:57,29.60,43.75,1015.37,-17.677,239.65
07:09:58,29.60,43.75,1015.37,-17.677,239.65
07:09:58,29.60,43.74,1015.38,-17.679,238.98
07:09:58,29.60,43.74,1015.38,-17.679,238.98
07:09:58,29.60,43.74,1015.38,-17.679,238.98
07:09:58,29.60,43.74,1015.38,-17.679,238.98
07:09:58,29.60,43.74,1015.37,-17.670,239.98
07:09:58,29.60,43.74,1015.37,-17.670,239.98
07:09:58,29.60,43.74,1015.37,-17.670,239.98
07:09:58,29.60,43.74,1015.37,-17.670,239.98
07:09:58,29.61,43.73,1015.37,-17.648,239.65
07:09:58,29.61,43.73,1015.37,-17.648,239.65
07:09:58,29.61,43.73,1015.37,-17.648,239.65
07:09:58,29.61,43.73,1015.37,-17.648,239.65
07:09:59,29.62,43.73,1015.37,-17.656,238.65
07:09:59,29.62,43.73,1015.37,-17.656,238.65
07:09:59,29.62,43.73,1015.37,-17.656,238.65
07:09:59,29.62,43.73,1015.37,-17.656,238.65
07:09:59,29.63,43.74,1015.37,-17.636,238.98
07:09:59,29.63,43.74,1015.37,-17.636,238.98
07:09:59,29.63,43.74,1015.37,-17.636,238.98
07:09:59,29.63,43.74,1015.37,-17.636,238.98
07:09:59,29.64,43.75,1015.36,-17.550,239.65
07:09:59,29.64,43.75,1015.36,-17.550,239.65
07:09:59,29.64,43.75,1015.36,-17.550,239.65
07:09:59,29.64,43.75,1015.36,-17.550,239.65
07:10:00,29.64,43.75,1015.36,-17.512,237.50
07:10:00,29.64,43.75,1015.36,-17.512,237.50
07:10:00,29.64,43.75,1015.36,-17.512,237.50
07:10:00,29.64,43.75,1015.36,-17.512,237.50
07:10:00,29.65,43.75,1015.36,-17.526,237.83
07:10:00,29.65,43.75,1015.36,-17.526,237.83
07:10:00,29.65,43.75,1015.36,-17.526,237.83
07:10:00,29.65,43.75,1015.36,-17.526,237.83
07:10:00,29.66,43.76,1015.36,-17.557,238.98
07:10:00,29.66,43.76,1015.36,-17.557,238.98
07:10:00,29.66,43.76,1015.36,-17.557,238.98
07:10:00,29.66,43.76,1015.36,-17.557,238.98
07:10:00,29.67,43.76,1015.36,-17.585,239.32
07:10:01,29.67,43.76,1015.36,-17.585,239.32
07:10:01,29.67,43.76,1015.36,-17.585,239.32
07:10:01,29.67,43.76,1015.36,-17.586,238.32
07:10:01,29.67,43.76,1015.36,-17.586,238.32
07:10:01,29.67,43.76,1015.36,-17.586,238.32
07:10:01,29.67,43.76,1015.36,-17.586,238.32
07:10:01,29.69,43.76,1015.36,-17.526,241.15
07:10:01,29.69,43.76,1015.36,-17.526,241.15
07:10:01,29.69,43.76,1015.36,-17.526,241.15
07:10:01,29.69,43.76,1015.36,-17.526,241.15
07:10:01,29.70,43.79,1015.35,-17.455,240.15
07:10:01,29.70,43.79,1015.35,-17.455,240.15
07:10:01,29.70,43.79,1015.35,-17.455,240.15
07:10:01,29.70,43.79,1015.35,-17.455,240.15
07:10:02,29.68,43.76,1015.35,-17.493,238.16
07:10:02,29.68,43.76,1015.35,-17.493,238.16
07:10:02,29.68,43.76,1015.35,-17.493,238.16
07:10:02,29.68,43.76,1015.35,-17.493,238.16
07:10:02,29.67,43.75,1015.36,-17.570,238.32
07:10:02,29.67,43.75,1015.36,-17.570,238.32
07:10:02,29.67,43.75,1015.36,-17.570,238.32
07:10:02,29.59,43.73,1015.36,-17.532,236.37
07:10:03,29.41,43.70,1015.35,-17.494,230.53
07:10:03,29.41,43.70,1015.35,-17.494,230.53
07:10:03,29.41,43.70,1015.35,-17.494,230.53
07:10:03,29.41,43.70,1015.35,-17.494,230.53
07:10:03,29.37,43.74,1015.36,-17.516,233.18
07:10:03,29.37,43.74,1015.36,-17.516,233.18
07:10:03,29.37,43.74,1015.36,-17.516,233.18
07:10:03,29.37,43.74,1015.36,-17.516,233.18
07:10:04,29.39,43.78,1015.37,-17.618,234.28
07:10:04,29.39,43.78,1015.37,-17.618,234.28
07:10:04,29.39,43.78,1015.37,-17.618,234.28
07:10:04,29.39,43.78,1015.37,-17.618,234.28
07:10:04,29.43,43.80,1015.37,-17.604,235.88
07:10:04,29.43,43.80,1015.37,-17.604,235.88
07:10:04,29.43,43.80,1015.37,-17.604,235.88
07:10:04,29.43,43.80,1015.37,-17.604,235.88
07:10:04,29.48,43.82,1015.37,-17.602,236.85
07:10:04,29.48,43.82,1015.37,-17.602,236.85
07:10:04,29.48,43.82,1015.37,-17.602,236.85
07:10:04,29.48,43.82,1015.37,-17.602,236.85
07:10:05,29.52,43.82,1015.36,-17.589,238.98
07:10:05,29.52,43.82,1015.36,-17.589,238.98
07:10:05,29.52,43.82,1015.36,-17.589,238.98
07:10:05,29.52,43.82,1015.36,-17.589,238.98
07:10:05,29.55,43.81,1015.36,-17.531,238.32
07:10:05,29.55,43.81,1015.36,-17.531,238.32
07:10:05,29.55,43.81,1015.36,-17.531,238.32
07:10:05,29.55,43.81,1015.36,-17.531,238.32
07:10:05,29.58,43.78,1015.36,-17.518,239.32
07:10:05,29.58,43.78,1015.36,-17.518,239.32
07:10:05,29.58,43.78,1015.36,-17.518,239.32
07:10:05,29.58,43.78,1015.36,-17.518,239.32
07:10:05,29.62,43.78,1015.35,-17.504,240.99
07:10:05,29.62,43.78,1015.35,-17.504,240.99
07:10:05,29.62,43.78,1015.35,-17.504,240.99
07:10:06,29.65,43.77,1015.35,-17.491,239.81
07:10:06,29.65,43.77,1015.35,-17.491,239.81
07:10:06,29.65,43.77,1015.35,-17.491,239.81
07:10:06,29.65,43.77,1015.35,-17.491,239.81
07:10:06,29.68,43.75,1015.35,-17.456,240.32
07:10:06,29.68,43.75,1015.35,-17.456,240.32
07:10:06,29.68,43.75,1015.35,-17.456,240.32
07:10:06,29.68,43.75,1015.35,-17.456,240.32
07:10:06,29.69,43.71,1015.35,-17.455,238.65
07:10:06,29.69,43.71,1015.35,-17.455,238.65
07:10:06,29.69,43.71,1015.35,-17.455,238.65
07:10:06,29.69,43.71,1015.35,-17.455,238.65
07:10:07,29.71,43.70,1015.35,-17.478,240.65
07:10:07,29.71,43.70,1015.35,-17.478,240.65
07:10:07,29.71,43.70,1015.35,-17.478,240.65
07:10:07,29.71,43.70,1015.35,-17.478,240.65
07:10:07,29.73,43.69,1015.35,-17.490,241.66
07:10:07,29.73,43.69,1015.35,-17.490,241.66
07:10:07,29.73,43.69,1015.35,-17.490,241.66
07:10:07,29.73,43.69,1015.35,-17.490,241.66
07:10:07,29.75,43.66,1015.35,-17.465,240.99
07:10:07,29.75,43.66,1015.35,-17.465,240.99
07:10:07,29.75,43.66,1015.35,-17.465,240.99
07:10:07,29.75,43.66,1015.35,-17.465,240.99
07:10:08,29.76,43.65,1015.34,-17.412,242.85
07:10:08,29.76,43.65,1015.34,-17.412,242.85
07:10:08,29.76,43.65,1015.34,-17.412,242.85
07:10:08,29.76,43.65,1015.34,-17.412,242.85
07:10:08,29.78,43.62,1015.34,-17.363,242.85
07:10:08,29.78,43.62,1015.34,-17.363,242.85
07:10:08,29.78,43.62,1015.34,-17.363,242.85
07:10:08,29.78,43.62,1015.34,-17.363,242.85
07:10:08,29.79,43.61,1015.33,-17.327,242.85
07:10:08,29.79,43.61,1015.33,-17.327,242.85
07:10:08,29.79,43.61,1015.33,-17.327,242.85
07:10:08,29.79,43.61,1015.33,-17.327,242.85
07:10:08,29.80,43.58,1015.34,-17.378,242.17
07:10:08,29.80,43.58,1015.34,-17.378,242.17
07:10:09,29.80,43.58,1015.34,-17.378,242.17
07:10:09,29.80,43.57,1015.35,-17.437,241.66
07:10:09,29.80,43.57,1015.35,-17.437,241.66
07:10:09,29.80,43.57,1015.35,-17.437,241.66
07:10:09,29.80,43.57,1015.35,-17.437,241.66
07:10:09,29.81,43.53,1015.35,-17.477,243.02
07:10:09,29.81,43.53,1015.35,-17.477,243.02
07:10:09,29.81,43.53,1015.35,-17.477,243.02
07:10:09,29.81,43.53,1015.35,-17.477,243.02
07:10:09,29.82,43.50,1015.35,-17.471,244.05
07:10:09,29.82,43.50,1015.35,-17.471,244.05
07:10:09,29.82,43.50,1015.35,-17.471,244.05
07:10:09,29.82,43.50,1015.35,-17.471,244.05
07:10:10,29.82,43.47,1015.36,-17.550,243.54
07:10:10,29.82,43.47,1015.36,-17.550,243.54
07:10:10,29.82,43.47,1015.36,-17.550,243.54
07:10:10,29.82,43.47,1015.36,-17.550,243.54
07:10:10,29.83,43.46,1015.37,-17.595,243.88
07:10:10,29.83,43.46,1015.37,-17.595,243.88
07:10:10,29.83,43.46,1015.37,-17.595,243.88
07:10:10,29.83,43.46,1015.37,-17.595,243.88
07:10:10,29.84,43.43,1015.37,-17.644,243.71
07:10:10,29.84,43.43,1015.37,-17.644,243.71
07:10:10,29.84,43.43,1015.37,-17.644,243.71
07:10:10,29.84,43.43,1015.37,-17.644,243.71
07:10:11,29.85,43.39,1015.38,-17.694,243.19
07:10:11,29.85,43.39,1015.38,-17.694,243.19
07:10:11,29.85,43.39,1015.38,-17.694,243.19
07:10:11,29.85,43.39,1015.38,-17.694,243.19
07:10:11,29.87,43.37,1015.39,-17.761,244.05
07:10:11,29.87,43.37,1015.39,-17.761,244.05
07:10:11,29.87,43.37,1015.39,-17.761,244.05
07:10:11,29.87,43.37,1015.39,-17.761,244.05
07:10:11,29.88,43.33,1015.40,-17.909,245.09
07:10:11,29.88,43.33,1015.40,-17.909,245.09
07:10:11,29.88,43.33,1015.40,-17.909,245.09
07:10:11,29.88,43.33,1015.40,-17.909,245.09
07:10:11,29.90,43.33,1015.41,-17.953,245.79
07:10:12,29.90,43.33,1015.41,-17.953,245.79
07:10:12,29.90,43.33,1015.41,-17.953,245.79
07:10:12,29.90,43.27,1015.41,-17.953,245.09
07:10:12,29.90,43.27,1015.41,-17.953,245.09
07:10:12,29.90,43.27,1015.41,-17.953,245.09
07:10:12,29.90,43.27,1015.41,-17.953,245.09
07:10:12,29.91,43.25,1015.40,-17.876,246.49
07:10:12,29.91,43.25,1015.40,-17.876,246.49
07:10:12,29.91,43.25,1015.40,-17.876,246.49
07:10:12,29.91,43.25,1015.40,-17.876,246.49
07:10:12,29.92,43.22,1015.39,-17.823,245.61
07:10:12,29.92,43.22,1015.39,-17.823,245.61
07:10:12,29.92,43.22,1015.39,-17.823,245.61
07:10:12,29.92,43.22,1015.39,-17.823,245.61
07:10:13,29.90,43.20,1015.39,-17.818,245.96
07:10:13,29.90,43.20,1015.39,-17.818,245.96
07:10:13,29.90,43.20,1015.39,-17.818,245.96
07:10:13,29.90,43.20,1015.39,-17.818,245.96
